,0,1,2,3,addr
0,__INPUT__,SIM,NAM,TDIS6,__INPUT__/SIM/NAM/TDIS6
1,__INPUT__,SIM,NAM,MTYPE,__INPUT__/SIM/NAM/MTYPE
2,__INPUT__,SIM,NAM,MFNAME,__INPUT__/SIM/NAM/MFNAME
3,__INPUT__,SIM,NAM,MNAME,__INPUT__/SIM/NAM/MNAME
4,__INPUT__,SIM,NAM,EXGTYPE,__INPUT__/SIM/NAM/EXGTYPE
5,__INPUT__,SIM,NAM,EXGFILE,__INPUT__/SIM/NAM/EXGFILE
6,__INPUT__,SIM,NAM,EXGMNAMEA,__INPUT__/SIM/NAM/EXGMNAMEA
7,__INPUT__,SIM,NAM,EXGMNAMEB,__INPUT__/SIM/NAM/EXGMNAMEB
8,__INPUT__,SIM,NAM,SOLUTIONGROUPNUM,__INPUT__/SIM/NAM/SOLUTIONGROUPNUM
9,__INPUT__,SIM,NAM,SLNTYPE,__INPUT__/SIM/NAM/SLNTYPE
10,__INPUT__,SIM,NAM,SLNFNAME,__INPUT__/SIM/NAM/SLNFNAME
11,__INPUT__,SIM,NAM,SLNMNAMES,__INPUT__/SIM/NAM/SLNMNAMES
12,__INPUT__,SIM,NAM,CONTINUE,__INPUT__/SIM/NAM/CONTINUE
13,__INPUT__,SIM,NAM,NOCHECK,__INPUT__/SIM/NAM/NOCHECK
14,__INPUT__,SIM,NAM,PRMEM,__INPUT__/SIM/NAM/PRMEM
15,__INPUT__,SIM,NAM,MAXERRORS,__INPUT__/SIM/NAM/MAXERRORS
16,__INPUT__,SIM,NAM,PRINT_INPUT,__INPUT__/SIM/NAM/PRINT_INPUT
17,__INPUT__,SIM,NAM,MXITER,__INPUT__/SIM/NAM/MXITER
18,__INPUT__,SIM,NUMMODELS,,__INPUT__/SIM/NUMMODELS
19,__INPUT__,SIM,NUMEXCHANGES,,__INPUT__/SIM/NUMEXCHANGES
20,__INPUT__,GWF,NAM,SAVE_FLOWS,__INPUT__/GWF/NAM/SAVE_FLOWS
21,__INPUT__,GWF,NAM,FTYPE,__INPUT__/GWF/NAM/FTYPE
22,__INPUT__,GWF,NAM,FNAME,__INPUT__/GWF/NAM/FNAME
23,__INPUT__,GWF,NAM,PNAME,__INPUT__/GWF/NAM/PNAME
24,__INPUT__,GWF,PKGTYPES,,__INPUT__/GWF/PKGTYPES
25,__INPUT__,GWF,PKGNAMES,,__INPUT__/GWF/PKGNAMES
26,__INPUT__,GWF,MEMPATHS,,__INPUT__/GWF/MEMPATHS
27,__INPUT__,GWF,INUNITS,,__INPUT__/GWF/INUNITS
28,__INPUT__,GWF,DIS,INPUT_FNAME,__INPUT__/GWF/DIS/INPUT_FNAME
29,__INPUT__,GWF,NPF,INPUT_FNAME,__INPUT__/GWF/NPF/INPUT_FNAME
30,__INPUT__,GWF,CHD,INPUT_FNAME,__INPUT__/GWF/CHD/INPUT_FNAME
31,__INPUT__,GWF,WEL,INPUT_FNAME,__INPUT__/GWF/WEL/INPUT_FNAME
32,__INPUT__,GWF,DIS,LENGTH_UNITS,__INPUT__/GWF/DIS/LENGTH_UNITS
33,__INPUT__,GWF,DIS,NLAY,__INPUT__/GWF/DIS/NLAY
34,__INPUT__,GWF,DIS,NROW,__INPUT__/GWF/DIS/NROW
35,__INPUT__,GWF,DIS,NCOL,__INPUT__/GWF/DIS/NCOL
36,__INPUT__,GWF,MODEL_SHAPE,,__INPUT__/GWF/MODEL_SHAPE
37,__INPUT__,GWF,NCELLDIM,,__INPUT__/GWF/NCELLDIM
38,__INPUT__,GWF,DIS,DELR,__INPUT__/GWF/DIS/DELR
39,__INPUT__,GWF,DIS,DELC,__INPUT__/GWF/DIS/DELC
40,__INPUT__,GWF,DIS,TOP,__INPUT__/GWF/DIS/TOP
41,__INPUT__,GWF,DIS,BOTM,__INPUT__/GWF/DIS/BOTM
42,__INPUT__,GWF,DIS,IDOMAIN,__INPUT__/GWF/DIS/IDOMAIN
43,__INPUT__,GWF,NPF,IPAKCB,__INPUT__/GWF/NPF/IPAKCB
44,__INPUT__,GWF,NPF,ISAVSPDIS,__INPUT__/GWF/NPF/ISAVSPDIS
45,__INPUT__,GWF,NPF,ISAVSAT,__INPUT__/GWF/NPF/ISAVSAT
46,__INPUT__,GWF,NPF,ICELLTYPE,__INPUT__/GWF/NPF/ICELLTYPE
47,__INPUT__,GWF,NPF,K,__INPUT__/GWF/NPF/K
48,__INPUT__,GWF,NPF,K33,__INPUT__/GWF/NPF/K33
49,__INPUT__,GWF,WEL,NAUX,__INPUT__/GWF/WEL/NAUX
50,__INPUT__,GWF,WEL,AUXILIARY,__INPUT__/GWF/WEL/AUXILIARY
51,__INPUT__,GWF,WEL,MAXBOUND,__INPUT__/GWF/WEL/MAXBOUND
52,__INPUT__,GWF,WEL,IPER,__INPUT__/GWF/WEL/IPER
53,__INPUT__,GWF,WEL,IONPER,__INPUT__/GWF/WEL/IONPER
54,__INPUT__,GWF,WEL,NBOUND,__INPUT__/GWF/WEL/NBOUND
55,__INPUT__,GWF,WEL,NCPL,__INPUT__/GWF/WEL/NCPL
56,__INPUT__,GWF,WEL,CELLID,__INPUT__/GWF/WEL/CELLID
57,__INPUT__,GWF,WEL,Q,__INPUT__/GWF/WEL/Q
58,__INPUT__,GWF,WEL,AUXVAR,__INPUT__/GWF/WEL/AUXVAR
59,__INPUT__,GWF,WEL,BOUNDNAME,__INPUT__/GWF/WEL/BOUNDNAME
60,__INPUT__,GWF,CHD,NAUX,__INPUT__/GWF/CHD/NAUX
61,__INPUT__,GWF,CHD,MAXBOUND,__INPUT__/GWF/CHD/MAXBOUND
62,__INPUT__,GWF,CHD,IPER,__INPUT__/GWF/CHD/IPER
63,__INPUT__,GWF,CHD,IONPER,__INPUT__/GWF/CHD/IONPER
64,__INPUT__,GWF,CHD,NBOUND,__INPUT__/GWF/CHD/NBOUND
65,__INPUT__,GWF,CHD,NCPL,__INPUT__/GWF/CHD/NCPL
66,__INPUT__,GWF,CHD,AUXILIARY,__INPUT__/GWF/CHD/AUXILIARY
67,__INPUT__,GWF,CHD,CELLID,__INPUT__/GWF/CHD/CELLID
68,__INPUT__,GWF,CHD,HEAD,__INPUT__/GWF/CHD/HEAD
69,__INPUT__,GWF,CHD,BOUNDNAME,__INPUT__/GWF/CHD/BOUNDNAME
70,__INPUT__,GWF,CHD,AUXVAR,__INPUT__/GWF/CHD/AUXVAR
71,__INPUT__,CHLORIDE,NAM,FTYPE,__INPUT__/CHLORIDE/NAM/FTYPE
72,__INPUT__,CHLORIDE,NAM,FNAME,__INPUT__/CHLORIDE/NAM/FNAME
73,__INPUT__,CHLORIDE,NAM,PNAME,__INPUT__/CHLORIDE/NAM/PNAME
74,__INPUT__,CHLORIDE,PKGTYPES,,__INPUT__/CHLORIDE/PKGTYPES
75,__INPUT__,CHLORIDE,PKGNAMES,,__INPUT__/CHLORIDE/PKGNAMES
76,__INPUT__,CHLORIDE,MEMPATHS,,__INPUT__/CHLORIDE/MEMPATHS
77,__INPUT__,CHLORIDE,INUNITS,,__INPUT__/CHLORIDE/INUNITS
78,__INPUT__,CHLORIDE,DIS,INPUT_FNAME,__INPUT__/CHLORIDE/DIS/INPUT_FNAME
79,__INPUT__,CHLORIDE,DSP,INPUT_FNAME,__INPUT__/CHLORIDE/DSP/INPUT_FNAME
80,__INPUT__,CHLORIDE,DIS,LENGTH_UNITS,__INPUT__/CHLORIDE/DIS/LENGTH_UNITS
81,__INPUT__,CHLORIDE,DIS,NLAY,__INPUT__/CHLORIDE/DIS/NLAY
82,__INPUT__,CHLORIDE,DIS,NROW,__INPUT__/CHLORIDE/DIS/NROW
83,__INPUT__,CHLORIDE,DIS,NCOL,__INPUT__/CHLORIDE/DIS/NCOL
84,__INPUT__,CHLORIDE,MODEL_SHAPE,,__INPUT__/CHLORIDE/MODEL_SHAPE
85,__INPUT__,CHLORIDE,NCELLDIM,,__INPUT__/CHLORIDE/NCELLDIM
86,__INPUT__,CHLORIDE,DIS,DELR,__INPUT__/CHLORIDE/DIS/DELR
87,__INPUT__,CHLORIDE,DIS,DELC,__INPUT__/CHLORIDE/DIS/DELC
88,__INPUT__,CHLORIDE,DIS,TOP,__INPUT__/CHLORIDE/DIS/TOP
89,__INPUT__,CHLORIDE,DIS,BOTM,__INPUT__/CHLORIDE/DIS/BOTM
90,__INPUT__,CHLORIDE,DIS,IDOMAIN,__INPUT__/CHLORIDE/DIS/IDOMAIN
91,__INPUT__,CHLORIDE,DSP,XT3D_OFF,__INPUT__/CHLORIDE/DSP/XT3D_OFF
92,__INPUT__,CHLORIDE,DSP,ALH,__INPUT__/CHLORIDE/DSP/ALH
93,__INPUT__,CHLORIDE,DSP,ATH1,__INPUT__/CHLORIDE/DSP/ATH1
94,__INPUT__,CHLORIDE,DSP,ATV,__INPUT__/CHLORIDE/DSP/ATV
95,__INPUT__,SODIUM,NAM,FTYPE,__INPUT__/SODIUM/NAM/FTYPE
96,__INPUT__,SODIUM,NAM,FNAME,__INPUT__/SODIUM/NAM/FNAME
97,__INPUT__,SODIUM,NAM,PNAME,__INPUT__/SODIUM/NAM/PNAME
98,__INPUT__,SODIUM,PKGTYPES,,__INPUT__/SODIUM/PKGTYPES
99,__INPUT__,SODIUM,PKGNAMES,,__INPUT__/SODIUM/PKGNAMES
100,__INPUT__,SODIUM,MEMPATHS,,__INPUT__/SODIUM/MEMPATHS
101,__INPUT__,SODIUM,INUNITS,,__INPUT__/SODIUM/INUNITS
102,__INPUT__,SODIUM,DIS,INPUT_FNAME,__INPUT__/SODIUM/DIS/INPUT_FNAME
103,__INPUT__,SODIUM,DSP,INPUT_FNAME,__INPUT__/SODIUM/DSP/INPUT_FNAME
104,__INPUT__,SODIUM,DIS,LENGTH_UNITS,__INPUT__/SODIUM/DIS/LENGTH_UNITS
105,__INPUT__,SODIUM,DIS,NLAY,__INPUT__/SODIUM/DIS/NLAY
106,__INPUT__,SODIUM,DIS,NROW,__INPUT__/SODIUM/DIS/NROW
107,__INPUT__,SODIUM,DIS,NCOL,__INPUT__/SODIUM/DIS/NCOL
108,__INPUT__,SODIUM,MODEL_SHAPE,,__INPUT__/SODIUM/MODEL_SHAPE
109,__INPUT__,SODIUM,NCELLDIM,,__INPUT__/SODIUM/NCELLDIM
110,__INPUT__,SODIUM,DIS,DELR,__INPUT__/SODIUM/DIS/DELR
111,__INPUT__,SODIUM,DIS,DELC,__INPUT__/SODIUM/DIS/DELC
112,__INPUT__,SODIUM,DIS,TOP,__INPUT__/SODIUM/DIS/TOP
113,__INPUT__,SODIUM,DIS,BOTM,__INPUT__/SODIUM/DIS/BOTM
114,__INPUT__,SODIUM,DIS,IDOMAIN,__INPUT__/SODIUM/DIS/IDOMAIN
115,__INPUT__,SODIUM,DSP,XT3D_OFF,__INPUT__/SODIUM/DSP/XT3D_OFF
116,__INPUT__,SODIUM,DSP,ALH,__INPUT__/SODIUM/DSP/ALH
117,__INPUT__,SODIUM,DSP,ATH1,__INPUT__/SODIUM/DSP/ATH1
118,__INPUT__,SODIUM,DSP,ATV,__INPUT__/SODIUM/DSP/ATV
119,TDIS,NPER,,,TDIS/NPER
120,TDIS,ITMUNI,,,TDIS/ITMUNI
121,TDIS,KPER,,,TDIS/KPER
122,TDIS,KSTP,,,TDIS/KSTP
123,TDIS,INATS,,,TDIS/INATS
124,TDIS,READNEWDATA,,,TDIS/READNEWDATA
125,TDIS,ENDOFPERIOD,,,TDIS/ENDOFPERIOD
126,TDIS,ENDOFSIMULATION,,,TDIS/ENDOFSIMULATION
127,TDIS,DELT,,,TDIS/DELT
128,TDIS,PERTIM,,,TDIS/PERTIM
129,TDIS,TOPERTIM,,,TDIS/TOPERTIM
130,TDIS,TOTIM,,,TDIS/TOTIM
131,TDIS,TOTIMC,,,TDIS/TOTIMC
132,TDIS,DELTSAV,,,TDIS/DELTSAV
133,TDIS,TOTIMSAV,,,TDIS/TOTIMSAV
134,TDIS,PERTIMSAV,,,TDIS/PERTIMSAV
135,TDIS,TOTALSIMTIME,,,TDIS/TOTALSIMTIME
136,TDIS,PERLEN,,,TDIS/PERLEN
137,TDIS,NSTP,,,TDIS/NSTP
138,TDIS,TSMULT,,,TDIS/TSMULT
139,__INPUT__,SIM,NAM,MRANKS,__INPUT__/SIM/NAM/MRANKS
140,GWF,NAME,,,GWF/NAME
141,GWF,MACRONYM,,,GWF/MACRONYM
142,GWF,ID,,,GWF/ID
143,GWF,IOUT,,,GWF/IOUT
144,GWF,INEWTON,,,GWF/INEWTON
145,GWF,IPRPAK,,,GWF/IPRPAK
146,GWF,IPRFLOW,,,GWF/IPRFLOW
147,GWF,IPAKCB,,,GWF/IPAKCB
148,GWF,IDSOLN,,,GWF/IDSOLN
149,GWF,NEQ,,,GWF/NEQ
150,GWF,NJA,,,GWF/NJA
151,GWF,ICNVG,,,GWF/ICNVG
152,GWF,MOFFSET,,,GWF/MOFFSET
153,GWF,INIC,,,GWF/INIC
154,GWF,INOC,,,GWF/INOC
155,GWF,INNPF,,,GWF/INNPF
156,GWF,INBUY,,,GWF/INBUY
157,GWF,INVSC,,,GWF/INVSC
158,GWF,INSTO,,,GWF/INSTO
159,GWF,INCSUB,,,GWF/INCSUB
160,GWF,INMVR,,,GWF/INMVR
161,GWF,INHFB,,,GWF/INHFB
162,GWF,INGNC,,,GWF/INGNC
163,GWF,INOBS,,,GWF/INOBS
164,GWF,ISS,,,GWF/ISS
165,GWF,INEWTONUR,,,GWF/INEWTONUR
166,GWF,DIS,INUNIT,,GWF/DIS/INUNIT
167,GWF,DIS,IOUT,,GWF/DIS/IOUT
168,GWF,DIS,NODES,,GWF/DIS/NODES
169,GWF,DIS,NODESUSER,,GWF/DIS/NODESUSER
170,GWF,DIS,NDIM,,GWF/DIS/NDIM
171,GWF,DIS,ICONDIR,,GWF/DIS/ICONDIR
172,GWF,DIS,NOGRB,,GWF/DIS/NOGRB
173,GWF,DIS,XORIGIN,,GWF/DIS/XORIGIN
174,GWF,DIS,YORIGIN,,GWF/DIS/YORIGIN
175,GWF,DIS,ANGROT,,GWF/DIS/ANGROT
176,GWF,DIS,NJA,,GWF/DIS/NJA
177,GWF,DIS,NJAS,,GWF/DIS/NJAS
178,GWF,DIS,LENUNI,,GWF/DIS/LENUNI
179,GWF,DIS,NLAY,,GWF/DIS/NLAY
180,GWF,DIS,NROW,,GWF/DIS/NROW
181,GWF,DIS,NCOL,,GWF/DIS/NCOL
182,GWF,NPF,INPUT_FNAME,,GWF/NPF/INPUT_FNAME
183,GWF,NPF,PACKAGE_TYPE,,GWF/NPF/PACKAGE_TYPE
184,GWF,NPF,ID,,GWF/NPF/ID
185,GWF,NPF,INUNIT,,GWF/NPF/INUNIT
186,GWF,NPF,IOUT,,GWF/NPF/IOUT
187,GWF,NPF,INEWTON,,GWF/NPF/INEWTON
188,GWF,NPF,IASYM,,GWF/NPF/IASYM
189,GWF,NPF,IPRPAK,,GWF/NPF/IPRPAK
190,GWF,NPF,IPRFLOW,,GWF/NPF/IPRFLOW
191,GWF,NPF,IPAKCB,,GWF/NPF/IPAKCB
192,GWF,NPF,IONPER,,GWF/NPF/IONPER
193,GWF,NPF,LASTONPER,,GWF/NPF/LASTONPER
194,GWF,NPF,INAME,,GWF/NPF/INAME
195,GWF,NPF,IXT3D,,GWF/NPF/IXT3D
196,GWF,NPF,IXT3DRHS,,GWF/NPF/IXT3DRHS
197,GWF,NPF,SATOMEGA,,GWF/NPF/SATOMEGA
198,GWF,NPF,HNOFLO,,GWF/NPF/HNOFLO
199,GWF,NPF,HDRY,,GWF/NPF/HDRY
200,GWF,NPF,ICELLAVG,,GWF/NPF/ICELLAVG
201,GWF,NPF,IAVGKEFF,,GWF/NPF/IAVGKEFF
202,GWF,NPF,IK22,,GWF/NPF/IK22
203,GWF,NPF,IK33,,GWF/NPF/IK33
204,GWF,NPF,IK22OVERK,,GWF/NPF/IK22OVERK
205,GWF,NPF,IK33OVERK,,GWF/NPF/IK33OVERK
206,GWF,NPF,IPERCHED,,GWF/NPF/IPERCHED
207,GWF,NPF,IVARCV,,GWF/NPF/IVARCV
208,GWF,NPF,IDEWATCV,,GWF/NPF/IDEWATCV
209,GWF,NPF,ITHICKSTRT,,GWF/NPF/ITHICKSTRT
210,GWF,NPF,IUSGNRHC,,GWF/NPF/IUSGNRHC
211,GWF,NPF,INWTUPW,,GWF/NPF/INWTUPW
212,GWF,NPF,ICALCSPDIS,,GWF/NPF/ICALCSPDIS
213,GWF,NPF,ISAVSPDIS,,GWF/NPF/ISAVSPDIS
214,GWF,NPF,ISAVSAT,,GWF/NPF/ISAVSAT
215,GWF,NPF,IREWET,,GWF/NPF/IREWET
216,GWF,NPF,WETFCT,,GWF/NPF/WETFCT
217,GWF,NPF,IWETIT,,GWF/NPF/IWETIT
218,GWF,NPF,IHDWET,,GWF/NPF/IHDWET
219,GWF,NPF,SATMIN,,GWF/NPF/SATMIN
220,GWF,NPF,IANGLE1,,GWF/NPF/IANGLE1
221,GWF,NPF,IANGLE2,,GWF/NPF/IANGLE2
222,GWF,NPF,IANGLE3,,GWF/NPF/IANGLE3
223,GWF,NPF,IWETDRY,,GWF/NPF/IWETDRY
224,GWF,NPF,NEDGES,,GWF/NPF/NEDGES
225,GWF,NPF,LASTEDGE,,GWF/NPF/LASTEDGE
226,GWF,NPF,INTVK,,GWF/NPF/INTVK
227,GWF,NPF,INVSC,,GWF/NPF/INVSC
228,GWF,NPF,KCHANGEPER,,GWF/NPF/KCHANGEPER
229,GWF,NPF,KCHANGESTP,,GWF/NPF/KCHANGESTP
230,GWF,XT3D,IXT3D,,GWF/XT3D/IXT3D
231,GWF,XT3D,NBRMAX,,GWF/XT3D/NBRMAX
232,GWF,XT3D,INUNIT,,GWF/XT3D/INUNIT
233,GWF,XT3D,IOUT,,GWF/XT3D/IOUT
234,GWF,XT3D,INEWTON,,GWF/XT3D/INEWTON
235,GWF,XT3D,NUMEXTNBRS,,GWF/XT3D/NUMEXTNBRS
236,GWF,XT3D,NOZEE,,GWF/XT3D/NOZEE
237,GWF,XT3D,VCTHRESH,,GWF/XT3D/VCTHRESH
238,GWF,XT3D,LAMATSAVED,,GWF/XT3D/LAMATSAVED
239,GWF,XT3D,LDISPERSION,,GWF/XT3D/LDISPERSION
240,GWF,BUY,INPUT_FNAME,,GWF/BUY/INPUT_FNAME
241,GWF,BUY,PACKAGE_TYPE,,GWF/BUY/PACKAGE_TYPE
242,GWF,BUY,ID,,GWF/BUY/ID
243,GWF,BUY,INUNIT,,GWF/BUY/INUNIT
244,GWF,BUY,IOUT,,GWF/BUY/IOUT
245,GWF,BUY,INEWTON,,GWF/BUY/INEWTON
246,GWF,BUY,IASYM,,GWF/BUY/IASYM
247,GWF,BUY,IPRPAK,,GWF/BUY/IPRPAK
248,GWF,BUY,IPRFLOW,,GWF/BUY/IPRFLOW
249,GWF,BUY,IPAKCB,,GWF/BUY/IPAKCB
250,GWF,BUY,IONPER,,GWF/BUY/IONPER
251,GWF,BUY,LASTONPER,,GWF/BUY/LASTONPER
252,GWF,BUY,IOUTDENSE,,GWF/BUY/IOUTDENSE
253,GWF,BUY,IFORM,,GWF/BUY/IFORM
254,GWF,BUY,IREADELEV,,GWF/BUY/IREADELEV
255,GWF,BUY,IREADCONCBUY,,GWF/BUY/IREADCONCBUY
256,GWF,BUY,ICONCSET,,GWF/BUY/ICONCSET
257,GWF,BUY,DENSEREF,,GWF/BUY/DENSEREF
258,GWF,BUY,NRHOSPECIES,,GWF/BUY/NRHOSPECIES
259,GWF,VSC,INPUT_FNAME,,GWF/VSC/INPUT_FNAME
260,GWF,VSC,PACKAGE_TYPE,,GWF/VSC/PACKAGE_TYPE
261,GWF,VSC,ID,,GWF/VSC/ID
262,GWF,VSC,INUNIT,,GWF/VSC/INUNIT
263,GWF,VSC,IOUT,,GWF/VSC/IOUT
264,GWF,VSC,INEWTON,,GWF/VSC/INEWTON
265,GWF,VSC,IASYM,,GWF/VSC/IASYM
266,GWF,VSC,IPRPAK,,GWF/VSC/IPRPAK
267,GWF,VSC,IPRFLOW,,GWF/VSC/IPRFLOW
268,GWF,VSC,IPAKCB,,GWF/VSC/IPAKCB
269,GWF,VSC,IONPER,,GWF/VSC/IONPER
270,GWF,VSC,LASTONPER,,GWF/VSC/LASTONPER
271,GWF,VSC,THERMIVISC,,GWF/VSC/THERMIVISC
272,GWF,VSC,IDXTMPR,,GWF/VSC/IDXTMPR
273,GWF,VSC,IOUTVISC,,GWF/VSC/IOUTVISC
274,GWF,VSC,IREADELEV,,GWF/VSC/IREADELEV
275,GWF,VSC,ICONCSET,,GWF/VSC/ICONCSET
276,GWF,VSC,VISCREF,,GWF/VSC/VISCREF
277,GWF,VSC,A2,,GWF/VSC/A2
278,GWF,VSC,A3,,GWF/VSC/A3
279,GWF,VSC,A4,,GWF/VSC/A4
280,GWF,VSC,NVISCSPECIES,,GWF/VSC/NVISCSPECIES
281,GWF,GNC,INPUT_FNAME,,GWF/GNC/INPUT_FNAME
282,GWF,GNC,PACKAGE_TYPE,,GWF/GNC/PACKAGE_TYPE
283,GWF,GNC,ID,,GWF/GNC/ID
284,GWF,GNC,INUNIT,,GWF/GNC/INUNIT
285,GWF,GNC,IOUT,,GWF/GNC/IOUT
286,GWF,GNC,INEWTON,,GWF/GNC/INEWTON
287,GWF,GNC,IASYM,,GWF/GNC/IASYM
288,GWF,GNC,IPRPAK,,GWF/GNC/IPRPAK
289,GWF,GNC,IPRFLOW,,GWF/GNC/IPRFLOW
290,GWF,GNC,IPAKCB,,GWF/GNC/IPAKCB
291,GWF,GNC,IONPER,,GWF/GNC/IONPER
292,GWF,GNC,LASTONPER,,GWF/GNC/LASTONPER
293,GWF,GNC,SMGNC,,GWF/GNC/SMGNC
294,GWF,GNC,IMPLICIT,,GWF/GNC/IMPLICIT
295,GWF,GNC,I2KN,,GWF/GNC/I2KN
296,GWF,GNC,NEXG,,GWF/GNC/NEXG
297,GWF,GNC,NUMJS,,GWF/GNC/NUMJS
298,GWF,HFB,INPUT_FNAME,,GWF/HFB/INPUT_FNAME
299,GWF,HFB,PACKAGE_TYPE,,GWF/HFB/PACKAGE_TYPE
300,GWF,HFB,ID,,GWF/HFB/ID
301,GWF,HFB,INUNIT,,GWF/HFB/INUNIT
302,GWF,HFB,IOUT,,GWF/HFB/IOUT
303,GWF,HFB,INEWTON,,GWF/HFB/INEWTON
304,GWF,HFB,IASYM,,GWF/HFB/IASYM
305,GWF,HFB,IPRPAK,,GWF/HFB/IPRPAK
306,GWF,HFB,IPRFLOW,,GWF/HFB/IPRFLOW
307,GWF,HFB,IPAKCB,,GWF/HFB/IPAKCB
308,GWF,HFB,IONPER,,GWF/HFB/IONPER
309,GWF,HFB,LASTONPER,,GWF/HFB/LASTONPER
310,GWF,HFB,MAXHFB,,GWF/HFB/MAXHFB
311,GWF,HFB,NHFB,,GWF/HFB/NHFB
312,GWF,HFB,IVSC,,GWF/HFB/IVSC
313,GWF,STO,INPUT_FNAME,,GWF/STO/INPUT_FNAME
314,GWF,STO,PACKAGE_TYPE,,GWF/STO/PACKAGE_TYPE
315,GWF,STO,ID,,GWF/STO/ID
316,GWF,STO,INUNIT,,GWF/STO/INUNIT
317,GWF,STO,IOUT,,GWF/STO/IOUT
318,GWF,STO,INEWTON,,GWF/STO/INEWTON
319,GWF,STO,IASYM,,GWF/STO/IASYM
320,GWF,STO,IPRPAK,,GWF/STO/IPRPAK
321,GWF,STO,IPRFLOW,,GWF/STO/IPRFLOW
322,GWF,STO,IPAKCB,,GWF/STO/IPAKCB
323,GWF,STO,IONPER,,GWF/STO/IONPER
324,GWF,STO,LASTONPER,,GWF/STO/LASTONPER
325,GWF,STO,ISTOR_COEF,,GWF/STO/ISTOR_COEF
326,GWF,STO,ICONF_SS,,GWF/STO/ICONF_SS
327,GWF,STO,IORIG_SS,,GWF/STO/IORIG_SS
328,GWF,STO,IUSESY,,GWF/STO/IUSESY
329,GWF,STO,SATOMEGA,,GWF/STO/SATOMEGA
330,GWF,STO,INTEGRATECHANGES,,GWF/STO/INTEGRATECHANGES
331,GWF,STO,INTVS,,GWF/STO/INTVS
332,GWF,CSUB,INPUT_FNAME,,GWF/CSUB/INPUT_FNAME
333,GWF,CSUB,PACKAGE_TYPE,,GWF/CSUB/PACKAGE_TYPE
334,GWF,CSUB,ID,,GWF/CSUB/ID
335,GWF,CSUB,INUNIT,,GWF/CSUB/INUNIT
336,GWF,CSUB,IOUT,,GWF/CSUB/IOUT
337,GWF,CSUB,INEWTON,,GWF/CSUB/INEWTON
338,GWF,CSUB,IASYM,,GWF/CSUB/IASYM
339,GWF,CSUB,IPRPAK,,GWF/CSUB/IPRPAK
340,GWF,CSUB,IPRFLOW,,GWF/CSUB/IPRFLOW
341,GWF,CSUB,IPAKCB,,GWF/CSUB/IPAKCB
342,GWF,CSUB,IONPER,,GWF/CSUB/IONPER
343,GWF,CSUB,LASTONPER,,GWF/CSUB/LASTONPER
344,GWF,CSUB,LISTLABEL,,GWF/CSUB/LISTLABEL
345,GWF,CSUB,STONAME,,GWF/CSUB/STONAME
346,GWF,CSUB,ISTOUNIT,,GWF/CSUB/ISTOUNIT
347,GWF,CSUB,INOBSPKG,,GWF/CSUB/INOBSPKG
348,GWF,CSUB,NINTERBEDS,,GWF/CSUB/NINTERBEDS
349,GWF,CSUB,MAXSIG0,,GWF/CSUB/MAXSIG0
350,GWF,CSUB,NBOUND,,GWF/CSUB/NBOUND
351,GWF,CSUB,ISCLOC,,GWF/CSUB/ISCLOC
352,GWF,CSUB,IAUXMULTCOL,,GWF/CSUB/IAUXMULTCOL
353,GWF,CSUB,NDELAYCELLS,,GWF/CSUB/NDELAYCELLS
354,GWF,CSUB,NDELAYBEDS,,GWF/CSUB/NDELAYBEDS
355,GWF,CSUB,INITIALIZED,,GWF/CSUB/INITIALIZED
356,GWF,CSUB,IESLAG,,GWF/CSUB/IESLAG
357,GWF,CSUB,IPCH,,GWF/CSUB/IPCH
358,GWF,CSUB,LHEAD_BASED,,GWF/CSUB/LHEAD_BASED
359,GWF,CSUB,IUPDATESTRESS,,GWF/CSUB/IUPDATESTRESS
360,GWF,CSUB,ISPECIFIED_PCS,,GWF/CSUB/ISPECIFIED_PCS
361,GWF,CSUB,ISPECIFIED_DBH,,GWF/CSUB/ISPECIFIED_DBH
362,GWF,CSUB,INAMEDBOUND,,GWF/CSUB/INAMEDBOUND
363,GWF,CSUB,ICONVCHK,,GWF/CSUB/ICONVCHK
364,GWF,CSUB,NAUX,,GWF/CSUB/NAUX
365,GWF,CSUB,ISTORAGEC,,GWF/CSUB/ISTORAGEC
366,GWF,CSUB,ISTRAINIB,,GWF/CSUB/ISTRAINIB
367,GWF,CSUB,ISTRAINSK,,GWF/CSUB/ISTRAINSK
368,GWF,CSUB,IOUTCOMP,,GWF/CSUB/IOUTCOMP
369,GWF,CSUB,IOUTCOMPI,,GWF/CSUB/IOUTCOMPI
370,GWF,CSUB,IOUTCOMPE,,GWF/CSUB/IOUTCOMPE
371,GWF,CSUB,IOUTCOMPIB,,GWF/CSUB/IOUTCOMPIB
372,GWF,CSUB,IOUTCOMPS,,GWF/CSUB/IOUTCOMPS
373,GWF,CSUB,IOUTZDISP,,GWF/CSUB/IOUTZDISP
374,GWF,CSUB,IPAKCSV,,GWF/CSUB/IPAKCSV
375,GWF,CSUB,IUPDATEMATPROP,,GWF/CSUB/IUPDATEMATPROP
376,GWF,CSUB,EPSILON,,GWF/CSUB/EPSILON
377,GWF,CSUB,CC_CRIT,,GWF/CSUB/CC_CRIT
378,GWF,CSUB,GAMMAW,,GWF/CSUB/GAMMAW
379,GWF,CSUB,BETA,,GWF/CSUB/BETA
380,GWF,CSUB,BRG,,GWF/CSUB/BRG
381,GWF,CSUB,SATOMEGA,,GWF/CSUB/SATOMEGA
382,GWF,CSUB,ICELLF,,GWF/CSUB/ICELLF
383,GWF,CSUB,GWFISS0,,GWF/CSUB/GWFISS0
384,GWF,CSUB,AUXNAME,,GWF/CSUB/AUXNAME
385,GWF,IC,INPUT_FNAME,,GWF/IC/INPUT_FNAME
386,GWF,IC,PACKAGE_TYPE,,GWF/IC/PACKAGE_TYPE
387,GWF,IC,ID,,GWF/IC/ID
388,GWF,IC,INUNIT,,GWF/IC/INUNIT
389,GWF,IC,IOUT,,GWF/IC/IOUT
390,GWF,IC,INEWTON,,GWF/IC/INEWTON
391,GWF,IC,IASYM,,GWF/IC/IASYM
392,GWF,IC,IPRPAK,,GWF/IC/IPRPAK
393,GWF,IC,IPRFLOW,,GWF/IC/IPRFLOW
394,GWF,IC,IPAKCB,,GWF/IC/IPAKCB
395,GWF,IC,IONPER,,GWF/IC/IONPER
396,GWF,IC,LASTONPER,,GWF/IC/LASTONPER
397,GWF,MVR,INPUT_FNAME,,GWF/MVR/INPUT_FNAME
398,GWF,MVR,PACKAGE_TYPE,,GWF/MVR/PACKAGE_TYPE
399,GWF,MVR,ID,,GWF/MVR/ID
400,GWF,MVR,INUNIT,,GWF/MVR/INUNIT
401,GWF,MVR,IOUT,,GWF/MVR/IOUT
402,GWF,MVR,INEWTON,,GWF/MVR/INEWTON
403,GWF,MVR,IASYM,,GWF/MVR/IASYM
404,GWF,MVR,IPRPAK,,GWF/MVR/IPRPAK
405,GWF,MVR,IPRFLOW,,GWF/MVR/IPRFLOW
406,GWF,MVR,IPAKCB,,GWF/MVR/IPAKCB
407,GWF,MVR,IONPER,,GWF/MVR/IONPER
408,GWF,MVR,LASTONPER,,GWF/MVR/LASTONPER
409,GWF,MVR,IBUDGETOUT,,GWF/MVR/IBUDGETOUT
410,GWF,MVR,IBUDCSV,,GWF/MVR/IBUDCSV
411,GWF,MVR,MAXMVR,,GWF/MVR/MAXMVR
412,GWF,MVR,MAXPACKAGES,,GWF/MVR/MAXPACKAGES
413,GWF,MVR,MAXCOMB,,GWF/MVR/MAXCOMB
414,GWF,MVR,NMVR,,GWF/MVR/NMVR
415,GWF,MVR,IEXGMVR,,GWF/MVR/IEXGMVR
416,GWF,MVR,IMODELNAMES,,GWF/MVR/IMODELNAMES
417,GWF,OC,INUNIT,,GWF/OC/INUNIT
418,GWF,OC,IOUT,,GWF/OC/IOUT
419,GWF,OC,IBUDCSV,,GWF/OC/IBUDCSV
420,GWF,OC,IPEROC,,GWF/OC/IPEROC
421,GWF,OC,IOCREP,,GWF/OC/IOCREP
422,GWF,WEL,INPUT_FNAME,,GWF/WEL/INPUT_FNAME
423,GWF,WEL,PACKAGE_TYPE,,GWF/WEL/PACKAGE_TYPE
424,GWF,WEL,ID,,GWF/WEL/ID
425,GWF,WEL,INUNIT,,GWF/WEL/INUNIT
426,GWF,WEL,IOUT,,GWF/WEL/IOUT
427,GWF,WEL,INEWTON,,GWF/WEL/INEWTON
428,GWF,WEL,IASYM,,GWF/WEL/IASYM
429,GWF,WEL,IPRPAK,,GWF/WEL/IPRPAK
430,GWF,WEL,IPRFLOW,,GWF/WEL/IPRFLOW
431,GWF,WEL,IPAKCB,,GWF/WEL/IPAKCB
432,GWF,WEL,IONPER,,GWF/WEL/IONPER
433,GWF,WEL,LASTONPER,,GWF/WEL/LASTONPER
434,GWF,WEL,LISTLABEL,,GWF/WEL/LISTLABEL
435,GWF,WEL,ISADVPAK,,GWF/WEL/ISADVPAK
436,GWF,WEL,IBCNUM,,GWF/WEL/IBCNUM
437,GWF,WEL,MAXBOUND,,GWF/WEL/MAXBOUND
438,GWF,WEL,NBOUND,,GWF/WEL/NBOUND
439,GWF,WEL,NCOLBND,,GWF/WEL/NCOLBND
440,GWF,WEL,ISCLOC,,GWF/WEL/ISCLOC
441,GWF,WEL,NAUX,,GWF/WEL/NAUX
442,GWF,WEL,INAMEDBOUND,,GWF/WEL/INAMEDBOUND
443,GWF,WEL,IAUXMULTCOL,,GWF/WEL/IAUXMULTCOL
444,GWF,WEL,INOBSPKG,,GWF/WEL/INOBSPKG
445,GWF,WEL,IMOVER,,GWF/WEL/IMOVER
446,GWF,WEL,IVSC,,GWF/WEL/IVSC
447,GWF,WEL,NPAKEQ,,GWF/WEL/NPAKEQ
448,GWF,WEL,IOFFSET,,GWF/WEL/IOFFSET
449,GWF,WEL,AUXNAME,,GWF/WEL/AUXNAME
450,GWF,WEL,AUXNAME_CST,,GWF/WEL/AUXNAME_CST
451,GWF,WEL,IFLOWRED,,GWF/WEL/IFLOWRED
452,GWF,WEL,FLOWRED,,GWF/WEL/FLOWRED
453,GWF,WEL,IOUTAFRCSV,,GWF/WEL/IOUTAFRCSV
454,GWF,CHD,INPUT_FNAME,,GWF/CHD/INPUT_FNAME
455,GWF,CHD,PACKAGE_TYPE,,GWF/CHD/PACKAGE_TYPE
456,GWF,CHD,ID,,GWF/CHD/ID
457,GWF,CHD,INUNIT,,GWF/CHD/INUNIT
458,GWF,CHD,IOUT,,GWF/CHD/IOUT
459,GWF,CHD,INEWTON,,GWF/CHD/INEWTON
460,GWF,CHD,IASYM,,GWF/CHD/IASYM
461,GWF,CHD,IPRPAK,,GWF/CHD/IPRPAK
462,GWF,CHD,IPRFLOW,,GWF/CHD/IPRFLOW
463,GWF,CHD,IPAKCB,,GWF/CHD/IPAKCB
464,GWF,CHD,IONPER,,GWF/CHD/IONPER
465,GWF,CHD,LASTONPER,,GWF/CHD/LASTONPER
466,GWF,CHD,LISTLABEL,,GWF/CHD/LISTLABEL
467,GWF,CHD,ISADVPAK,,GWF/CHD/ISADVPAK
468,GWF,CHD,IBCNUM,,GWF/CHD/IBCNUM
469,GWF,CHD,MAXBOUND,,GWF/CHD/MAXBOUND
470,GWF,CHD,NBOUND,,GWF/CHD/NBOUND
471,GWF,CHD,NCOLBND,,GWF/CHD/NCOLBND
472,GWF,CHD,ISCLOC,,GWF/CHD/ISCLOC
473,GWF,CHD,NAUX,,GWF/CHD/NAUX
474,GWF,CHD,INAMEDBOUND,,GWF/CHD/INAMEDBOUND
475,GWF,CHD,IAUXMULTCOL,,GWF/CHD/IAUXMULTCOL
476,GWF,CHD,INOBSPKG,,GWF/CHD/INOBSPKG
477,GWF,CHD,IMOVER,,GWF/CHD/IMOVER
478,GWF,CHD,IVSC,,GWF/CHD/IVSC
479,GWF,CHD,NPAKEQ,,GWF/CHD/NPAKEQ
480,GWF,CHD,IOFFSET,,GWF/CHD/IOFFSET
481,GWF,CHD,AUXNAME,,GWF/CHD/AUXNAME
482,GWF,CHD,AUXNAME_CST,,GWF/CHD/AUXNAME_CST
483,CHLORIDE,NAME,,,CHLORIDE/NAME
484,CHLORIDE,MACRONYM,,,CHLORIDE/MACRONYM
485,CHLORIDE,ID,,,CHLORIDE/ID
486,CHLORIDE,IOUT,,,CHLORIDE/IOUT
487,CHLORIDE,INEWTON,,,CHLORIDE/INEWTON
488,CHLORIDE,IPRPAK,,,CHLORIDE/IPRPAK
489,CHLORIDE,IPRFLOW,,,CHLORIDE/IPRFLOW
490,CHLORIDE,IPAKCB,,,CHLORIDE/IPAKCB
491,CHLORIDE,IDSOLN,,,CHLORIDE/IDSOLN
492,CHLORIDE,NEQ,,,CHLORIDE/NEQ
493,CHLORIDE,NJA,,,CHLORIDE/NJA
494,CHLORIDE,ICNVG,,,CHLORIDE/ICNVG
495,CHLORIDE,MOFFSET,,,CHLORIDE/MOFFSET
496,CHLORIDE,INIC,,,CHLORIDE/INIC
497,CHLORIDE,INFMI,,,CHLORIDE/INFMI
498,CHLORIDE,INMVT,,,CHLORIDE/INMVT
499,CHLORIDE,INMST,,,CHLORIDE/INMST
500,CHLORIDE,INADV,,,CHLORIDE/INADV
501,CHLORIDE,INDSP,,,CHLORIDE/INDSP
502,CHLORIDE,INSSM,,,CHLORIDE/INSSM
503,CHLORIDE,INOC,,,CHLORIDE/INOC
504,CHLORIDE,INOBS,,,CHLORIDE/INOBS
505,CHLORIDE,DIS,INUNIT,,CHLORIDE/DIS/INUNIT
506,CHLORIDE,DIS,IOUT,,CHLORIDE/DIS/IOUT
507,CHLORIDE,DIS,NODES,,CHLORIDE/DIS/NODES
508,CHLORIDE,DIS,NODESUSER,,CHLORIDE/DIS/NODESUSER
509,CHLORIDE,DIS,NDIM,,CHLORIDE/DIS/NDIM
510,CHLORIDE,DIS,ICONDIR,,CHLORIDE/DIS/ICONDIR
511,CHLORIDE,DIS,NOGRB,,CHLORIDE/DIS/NOGRB
512,CHLORIDE,DIS,XORIGIN,,CHLORIDE/DIS/XORIGIN
513,CHLORIDE,DIS,YORIGIN,,CHLORIDE/DIS/YORIGIN
514,CHLORIDE,DIS,ANGROT,,CHLORIDE/DIS/ANGROT
515,CHLORIDE,DIS,NJA,,CHLORIDE/DIS/NJA
516,CHLORIDE,DIS,NJAS,,CHLORIDE/DIS/NJAS
517,CHLORIDE,DIS,LENUNI,,CHLORIDE/DIS/LENUNI
518,CHLORIDE,DIS,NLAY,,CHLORIDE/DIS/NLAY
519,CHLORIDE,DIS,NROW,,CHLORIDE/DIS/NROW
520,CHLORIDE,DIS,NCOL,,CHLORIDE/DIS/NCOL
521,CHLORIDE,IC,INPUT_FNAME,,CHLORIDE/IC/INPUT_FNAME
522,CHLORIDE,IC,PACKAGE_TYPE,,CHLORIDE/IC/PACKAGE_TYPE
523,CHLORIDE,IC,ID,,CHLORIDE/IC/ID
524,CHLORIDE,IC,INUNIT,,CHLORIDE/IC/INUNIT
525,CHLORIDE,IC,IOUT,,CHLORIDE/IC/IOUT
526,CHLORIDE,IC,INEWTON,,CHLORIDE/IC/INEWTON
527,CHLORIDE,IC,IASYM,,CHLORIDE/IC/IASYM
528,CHLORIDE,IC,IPRPAK,,CHLORIDE/IC/IPRPAK
529,CHLORIDE,IC,IPRFLOW,,CHLORIDE/IC/IPRFLOW
530,CHLORIDE,IC,IPAKCB,,CHLORIDE/IC/IPAKCB
531,CHLORIDE,IC,IONPER,,CHLORIDE/IC/IONPER
532,CHLORIDE,IC,LASTONPER,,CHLORIDE/IC/LASTONPER
533,CHLORIDE,FMI,INPUT_FNAME,,CHLORIDE/FMI/INPUT_FNAME
534,CHLORIDE,FMI,PACKAGE_TYPE,,CHLORIDE/FMI/PACKAGE_TYPE
535,CHLORIDE,FMI,ID,,CHLORIDE/FMI/ID
536,CHLORIDE,FMI,INUNIT,,CHLORIDE/FMI/INUNIT
537,CHLORIDE,FMI,IOUT,,CHLORIDE/FMI/IOUT
538,CHLORIDE,FMI,INEWTON,,CHLORIDE/FMI/INEWTON
539,CHLORIDE,FMI,IASYM,,CHLORIDE/FMI/IASYM
540,CHLORIDE,FMI,IPRPAK,,CHLORIDE/FMI/IPRPAK
541,CHLORIDE,FMI,IPRFLOW,,CHLORIDE/FMI/IPRFLOW
542,CHLORIDE,FMI,IPAKCB,,CHLORIDE/FMI/IPAKCB
543,CHLORIDE,FMI,IONPER,,CHLORIDE/FMI/IONPER
544,CHLORIDE,FMI,LASTONPER,,CHLORIDE/FMI/LASTONPER
545,CHLORIDE,FMI,FLOWS_FROM_FILE,,CHLORIDE/FMI/FLOWS_FROM_FILE
546,CHLORIDE,FMI,IFLOWSUPDATED,,CHLORIDE/FMI/IFLOWSUPDATED
547,CHLORIDE,FMI,IGWFSTRGSS,,CHLORIDE/FMI/IGWFSTRGSS
548,CHLORIDE,FMI,IGWFSTRGSY,,CHLORIDE/FMI/IGWFSTRGSY
549,CHLORIDE,FMI,IUBUD,,CHLORIDE/FMI/IUBUD
550,CHLORIDE,FMI,IUHDS,,CHLORIDE/FMI/IUHDS
551,CHLORIDE,FMI,IUMVR,,CHLORIDE/FMI/IUMVR
552,CHLORIDE,FMI,NFLOWPACK,,CHLORIDE/FMI/NFLOWPACK
553,CHLORIDE,FMI,IFLOWERR,,CHLORIDE/FMI/IFLOWERR
554,CHLORIDE,MST,INPUT_FNAME,,CHLORIDE/MST/INPUT_FNAME
555,CHLORIDE,MST,PACKAGE_TYPE,,CHLORIDE/MST/PACKAGE_TYPE
556,CHLORIDE,MST,ID,,CHLORIDE/MST/ID
557,CHLORIDE,MST,INUNIT,,CHLORIDE/MST/INUNIT
558,CHLORIDE,MST,IOUT,,CHLORIDE/MST/IOUT
559,CHLORIDE,MST,INEWTON,,CHLORIDE/MST/INEWTON
560,CHLORIDE,MST,IASYM,,CHLORIDE/MST/IASYM
561,CHLORIDE,MST,IPRPAK,,CHLORIDE/MST/IPRPAK
562,CHLORIDE,MST,IPRFLOW,,CHLORIDE/MST/IPRFLOW
563,CHLORIDE,MST,IPAKCB,,CHLORIDE/MST/IPAKCB
564,CHLORIDE,MST,IONPER,,CHLORIDE/MST/IONPER
565,CHLORIDE,MST,LASTONPER,,CHLORIDE/MST/LASTONPER
566,CHLORIDE,MST,ISRB,,CHLORIDE/MST/ISRB
567,CHLORIDE,MST,IDCY,,CHLORIDE/MST/IDCY
568,CHLORIDE,ADV,INPUT_FNAME,,CHLORIDE/ADV/INPUT_FNAME
569,CHLORIDE,ADV,PACKAGE_TYPE,,CHLORIDE/ADV/PACKAGE_TYPE
570,CHLORIDE,ADV,ID,,CHLORIDE/ADV/ID
571,CHLORIDE,ADV,INUNIT,,CHLORIDE/ADV/INUNIT
572,CHLORIDE,ADV,IOUT,,CHLORIDE/ADV/IOUT
573,CHLORIDE,ADV,INEWTON,,CHLORIDE/ADV/INEWTON
574,CHLORIDE,ADV,IASYM,,CHLORIDE/ADV/IASYM
575,CHLORIDE,ADV,IPRPAK,,CHLORIDE/ADV/IPRPAK
576,CHLORIDE,ADV,IPRFLOW,,CHLORIDE/ADV/IPRFLOW
577,CHLORIDE,ADV,IPAKCB,,CHLORIDE/ADV/IPAKCB
578,CHLORIDE,ADV,IONPER,,CHLORIDE/ADV/IONPER
579,CHLORIDE,ADV,LASTONPER,,CHLORIDE/ADV/LASTONPER
580,CHLORIDE,ADV,IADVWT,,CHLORIDE/ADV/IADVWT
581,CHLORIDE,DSP,INPUT_FNAME,,CHLORIDE/DSP/INPUT_FNAME
582,CHLORIDE,DSP,PACKAGE_TYPE,,CHLORIDE/DSP/PACKAGE_TYPE
583,CHLORIDE,DSP,ID,,CHLORIDE/DSP/ID
584,CHLORIDE,DSP,INUNIT,,CHLORIDE/DSP/INUNIT
585,CHLORIDE,DSP,IOUT,,CHLORIDE/DSP/IOUT
586,CHLORIDE,DSP,INEWTON,,CHLORIDE/DSP/INEWTON
587,CHLORIDE,DSP,IASYM,,CHLORIDE/DSP/IASYM
588,CHLORIDE,DSP,IPRPAK,,CHLORIDE/DSP/IPRPAK
589,CHLORIDE,DSP,IPRFLOW,,CHLORIDE/DSP/IPRFLOW
590,CHLORIDE,DSP,IPAKCB,,CHLORIDE/DSP/IPAKCB
591,CHLORIDE,DSP,IONPER,,CHLORIDE/DSP/IONPER
592,CHLORIDE,DSP,LASTONPER,,CHLORIDE/DSP/LASTONPER
593,CHLORIDE,DSP,IDIFFC,,CHLORIDE/DSP/IDIFFC
594,CHLORIDE,DSP,IDISP,,CHLORIDE/DSP/IDISP
595,CHLORIDE,DSP,IALH,,CHLORIDE/DSP/IALH
596,CHLORIDE,DSP,IALV,,CHLORIDE/DSP/IALV
597,CHLORIDE,DSP,IATH1,,CHLORIDE/DSP/IATH1
598,CHLORIDE,DSP,IATH2,,CHLORIDE/DSP/IATH2
599,CHLORIDE,DSP,IATV,,CHLORIDE/DSP/IATV
600,CHLORIDE,DSP,IXT3DOFF,,CHLORIDE/DSP/IXT3DOFF
601,CHLORIDE,DSP,IXT3DRHS,,CHLORIDE/DSP/IXT3DRHS
602,CHLORIDE,DSP,IXT3D,,CHLORIDE/DSP/IXT3D
603,CHLORIDE,DSP,ID22,,CHLORIDE/DSP/ID22
604,CHLORIDE,DSP,ID33,,CHLORIDE/DSP/ID33
605,CHLORIDE,DSP,IANGLE1,,CHLORIDE/DSP/IANGLE1
606,CHLORIDE,DSP,IANGLE2,,CHLORIDE/DSP/IANGLE2
607,CHLORIDE,DSP,IANGLE3,,CHLORIDE/DSP/IANGLE3
608,CHLORIDE,SSM,INPUT_FNAME,,CHLORIDE/SSM/INPUT_FNAME
609,CHLORIDE,SSM,PACKAGE_TYPE,,CHLORIDE/SSM/PACKAGE_TYPE
610,CHLORIDE,SSM,ID,,CHLORIDE/SSM/ID
611,CHLORIDE,SSM,INUNIT,,CHLORIDE/SSM/INUNIT
612,CHLORIDE,SSM,IOUT,,CHLORIDE/SSM/IOUT
613,CHLORIDE,SSM,INEWTON,,CHLORIDE/SSM/INEWTON
614,CHLORIDE,SSM,IASYM,,CHLORIDE/SSM/IASYM
615,CHLORIDE,SSM,IPRPAK,,CHLORIDE/SSM/IPRPAK
616,CHLORIDE,SSM,IPRFLOW,,CHLORIDE/SSM/IPRFLOW
617,CHLORIDE,SSM,IPAKCB,,CHLORIDE/SSM/IPAKCB
618,CHLORIDE,SSM,IONPER,,CHLORIDE/SSM/IONPER
619,CHLORIDE,SSM,LASTONPER,,CHLORIDE/SSM/LASTONPER
620,CHLORIDE,SSM,NBOUND,,CHLORIDE/SSM/NBOUND
621,CHLORIDE,MVT,INPUT_FNAME,,CHLORIDE/MVT/INPUT_FNAME
622,CHLORIDE,MVT,PACKAGE_TYPE,,CHLORIDE/MVT/PACKAGE_TYPE
623,CHLORIDE,MVT,ID,,CHLORIDE/MVT/ID
624,CHLORIDE,MVT,INUNIT,,CHLORIDE/MVT/INUNIT
625,CHLORIDE,MVT,IOUT,,CHLORIDE/MVT/IOUT
626,CHLORIDE,MVT,INEWTON,,CHLORIDE/MVT/INEWTON
627,CHLORIDE,MVT,IASYM,,CHLORIDE/MVT/IASYM
628,CHLORIDE,MVT,IPRPAK,,CHLORIDE/MVT/IPRPAK
629,CHLORIDE,MVT,IPRFLOW,,CHLORIDE/MVT/IPRFLOW
630,CHLORIDE,MVT,IPAKCB,,CHLORIDE/MVT/IPAKCB
631,CHLORIDE,MVT,IONPER,,CHLORIDE/MVT/IONPER
632,CHLORIDE,MVT,LASTONPER,,CHLORIDE/MVT/LASTONPER
633,CHLORIDE,MVT,MAXPACKAGES,,CHLORIDE/MVT/MAXPACKAGES
634,CHLORIDE,MVT,IBUDGETOUT,,CHLORIDE/MVT/IBUDGETOUT
635,CHLORIDE,MVT,IBUDCSV,,CHLORIDE/MVT/IBUDCSV
636,CHLORIDE,OC,INUNIT,,CHLORIDE/OC/INUNIT
637,CHLORIDE,OC,IOUT,,CHLORIDE/OC/IOUT
638,CHLORIDE,OC,IBUDCSV,,CHLORIDE/OC/IBUDCSV
639,CHLORIDE,OC,IPEROC,,CHLORIDE/OC/IPEROC
640,CHLORIDE,OC,IOCREP,,CHLORIDE/OC/IOCREP
641,SODIUM,NAME,,,SODIUM/NAME
642,SODIUM,MACRONYM,,,SODIUM/MACRONYM
643,SODIUM,ID,,,SODIUM/ID
644,SODIUM,IOUT,,,SODIUM/IOUT
645,SODIUM,INEWTON,,,SODIUM/INEWTON
646,SODIUM,IPRPAK,,,SODIUM/IPRPAK
647,SODIUM,IPRFLOW,,,SODIUM/IPRFLOW
648,SODIUM,IPAKCB,,,SODIUM/IPAKCB
649,SODIUM,IDSOLN,,,SODIUM/IDSOLN
650,SODIUM,NEQ,,,SODIUM/NEQ
651,SODIUM,NJA,,,SODIUM/NJA
652,SODIUM,ICNVG,,,SODIUM/ICNVG
653,SODIUM,MOFFSET,,,SODIUM/MOFFSET
654,SODIUM,INIC,,,SODIUM/INIC
655,SODIUM,INFMI,,,SODIUM/INFMI
656,SODIUM,INMVT,,,SODIUM/INMVT
657,SODIUM,INMST,,,SODIUM/INMST
658,SODIUM,INADV,,,SODIUM/INADV
659,SODIUM,INDSP,,,SODIUM/INDSP
660,SODIUM,INSSM,,,SODIUM/INSSM
661,SODIUM,INOC,,,SODIUM/INOC
662,SODIUM,INOBS,,,SODIUM/INOBS
663,SODIUM,DIS,INUNIT,,SODIUM/DIS/INUNIT
664,SODIUM,DIS,IOUT,,SODIUM/DIS/IOUT
665,SODIUM,DIS,NODES,,SODIUM/DIS/NODES
666,SODIUM,DIS,NODESUSER,,SODIUM/DIS/NODESUSER
667,SODIUM,DIS,NDIM,,SODIUM/DIS/NDIM
668,SODIUM,DIS,ICONDIR,,SODIUM/DIS/ICONDIR
669,SODIUM,DIS,NOGRB,,SODIUM/DIS/NOGRB
670,SODIUM,DIS,XORIGIN,,SODIUM/DIS/XORIGIN
671,SODIUM,DIS,YORIGIN,,SODIUM/DIS/YORIGIN
672,SODIUM,DIS,ANGROT,,SODIUM/DIS/ANGROT
673,SODIUM,DIS,NJA,,SODIUM/DIS/NJA
674,SODIUM,DIS,NJAS,,SODIUM/DIS/NJAS
675,SODIUM,DIS,LENUNI,,SODIUM/DIS/LENUNI
676,SODIUM,DIS,NLAY,,SODIUM/DIS/NLAY
677,SODIUM,DIS,NROW,,SODIUM/DIS/NROW
678,SODIUM,DIS,NCOL,,SODIUM/DIS/NCOL
679,SODIUM,IC,INPUT_FNAME,,SODIUM/IC/INPUT_FNAME
680,SODIUM,IC,PACKAGE_TYPE,,SODIUM/IC/PACKAGE_TYPE
681,SODIUM,IC,ID,,SODIUM/IC/ID
682,SODIUM,IC,INUNIT,,SODIUM/IC/INUNIT
683,SODIUM,IC,IOUT,,SODIUM/IC/IOUT
684,SODIUM,IC,INEWTON,,SODIUM/IC/INEWTON
685,SODIUM,IC,IASYM,,SODIUM/IC/IASYM
686,SODIUM,IC,IPRPAK,,SODIUM/IC/IPRPAK
687,SODIUM,IC,IPRFLOW,,SODIUM/IC/IPRFLOW
688,SODIUM,IC,IPAKCB,,SODIUM/IC/IPAKCB
689,SODIUM,IC,IONPER,,SODIUM/IC/IONPER
690,SODIUM,IC,LASTONPER,,SODIUM/IC/LASTONPER
691,SODIUM,FMI,INPUT_FNAME,,SODIUM/FMI/INPUT_FNAME
692,SODIUM,FMI,PACKAGE_TYPE,,SODIUM/FMI/PACKAGE_TYPE
693,SODIUM,FMI,ID,,SODIUM/FMI/ID
694,SODIUM,FMI,INUNIT,,SODIUM/FMI/INUNIT
695,SODIUM,FMI,IOUT,,SODIUM/FMI/IOUT
696,SODIUM,FMI,INEWTON,,SODIUM/FMI/INEWTON
697,SODIUM,FMI,IASYM,,SODIUM/FMI/IASYM
698,SODIUM,FMI,IPRPAK,,SODIUM/FMI/IPRPAK
699,SODIUM,FMI,IPRFLOW,,SODIUM/FMI/IPRFLOW
700,SODIUM,FMI,IPAKCB,,SODIUM/FMI/IPAKCB
701,SODIUM,FMI,IONPER,,SODIUM/FMI/IONPER
702,SODIUM,FMI,LASTONPER,,SODIUM/FMI/LASTONPER
703,SODIUM,FMI,FLOWS_FROM_FILE,,SODIUM/FMI/FLOWS_FROM_FILE
704,SODIUM,FMI,IFLOWSUPDATED,,SODIUM/FMI/IFLOWSUPDATED
705,SODIUM,FMI,IGWFSTRGSS,,SODIUM/FMI/IGWFSTRGSS
706,SODIUM,FMI,IGWFSTRGSY,,SODIUM/FMI/IGWFSTRGSY
707,SODIUM,FMI,IUBUD,,SODIUM/FMI/IUBUD
708,SODIUM,FMI,IUHDS,,SODIUM/FMI/IUHDS
709,SODIUM,FMI,IUMVR,,SODIUM/FMI/IUMVR
710,SODIUM,FMI,NFLOWPACK,,SODIUM/FMI/NFLOWPACK
711,SODIUM,FMI,IFLOWERR,,SODIUM/FMI/IFLOWERR
712,SODIUM,MST,INPUT_FNAME,,SODIUM/MST/INPUT_FNAME
713,SODIUM,MST,PACKAGE_TYPE,,SODIUM/MST/PACKAGE_TYPE
714,SODIUM,MST,ID,,SODIUM/MST/ID
715,SODIUM,MST,INUNIT,,SODIUM/MST/INUNIT
716,SODIUM,MST,IOUT,,SODIUM/MST/IOUT
717,SODIUM,MST,INEWTON,,SODIUM/MST/INEWTON
718,SODIUM,MST,IASYM,,SODIUM/MST/IASYM
719,SODIUM,MST,IPRPAK,,SODIUM/MST/IPRPAK
720,SODIUM,MST,IPRFLOW,,SODIUM/MST/IPRFLOW
721,SODIUM,MST,IPAKCB,,SODIUM/MST/IPAKCB
722,SODIUM,MST,IONPER,,SODIUM/MST/IONPER
723,SODIUM,MST,LASTONPER,,SODIUM/MST/LASTONPER
724,SODIUM,MST,ISRB,,SODIUM/MST/ISRB
725,SODIUM,MST,IDCY,,SODIUM/MST/IDCY
726,SODIUM,ADV,INPUT_FNAME,,SODIUM/ADV/INPUT_FNAME
727,SODIUM,ADV,PACKAGE_TYPE,,SODIUM/ADV/PACKAGE_TYPE
728,SODIUM,ADV,ID,,SODIUM/ADV/ID
729,SODIUM,ADV,INUNIT,,SODIUM/ADV/INUNIT
730,SODIUM,ADV,IOUT,,SODIUM/ADV/IOUT
731,SODIUM,ADV,INEWTON,,SODIUM/ADV/INEWTON
732,SODIUM,ADV,IASYM,,SODIUM/ADV/IASYM
733,SODIUM,ADV,IPRPAK,,SODIUM/ADV/IPRPAK
734,SODIUM,ADV,IPRFLOW,,SODIUM/ADV/IPRFLOW
735,SODIUM,ADV,IPAKCB,,SODIUM/ADV/IPAKCB
736,SODIUM,ADV,IONPER,,SODIUM/ADV/IONPER
737,SODIUM,ADV,LASTONPER,,SODIUM/ADV/LASTONPER
738,SODIUM,ADV,IADVWT,,SODIUM/ADV/IADVWT
739,SODIUM,DSP,INPUT_FNAME,,SODIUM/DSP/INPUT_FNAME
740,SODIUM,DSP,PACKAGE_TYPE,,SODIUM/DSP/PACKAGE_TYPE
741,SODIUM,DSP,ID,,SODIUM/DSP/ID
742,SODIUM,DSP,INUNIT,,SODIUM/DSP/INUNIT
743,SODIUM,DSP,IOUT,,SODIUM/DSP/IOUT
744,SODIUM,DSP,INEWTON,,SODIUM/DSP/INEWTON
745,SODIUM,DSP,IASYM,,SODIUM/DSP/IASYM
746,SODIUM,DSP,IPRPAK,,SODIUM/DSP/IPRPAK
747,SODIUM,DSP,IPRFLOW,,SODIUM/DSP/IPRFLOW
748,SODIUM,DSP,IPAKCB,,SODIUM/DSP/IPAKCB
749,SODIUM,DSP,IONPER,,SODIUM/DSP/IONPER
750,SODIUM,DSP,LASTONPER,,SODIUM/DSP/LASTONPER
751,SODIUM,DSP,IDIFFC,,SODIUM/DSP/IDIFFC
752,SODIUM,DSP,IDISP,,SODIUM/DSP/IDISP
753,SODIUM,DSP,IALH,,SODIUM/DSP/IALH
754,SODIUM,DSP,IALV,,SODIUM/DSP/IALV
755,SODIUM,DSP,IATH1,,SODIUM/DSP/IATH1
756,SODIUM,DSP,IATH2,,SODIUM/DSP/IATH2
757,SODIUM,DSP,IATV,,SODIUM/DSP/IATV
758,SODIUM,DSP,IXT3DOFF,,SODIUM/DSP/IXT3DOFF
759,SODIUM,DSP,IXT3DRHS,,SODIUM/DSP/IXT3DRHS
760,SODIUM,DSP,IXT3D,,SODIUM/DSP/IXT3D
761,SODIUM,DSP,ID22,,SODIUM/DSP/ID22
762,SODIUM,DSP,ID33,,SODIUM/DSP/ID33
763,SODIUM,DSP,IANGLE1,,SODIUM/DSP/IANGLE1
764,SODIUM,DSP,IANGLE2,,SODIUM/DSP/IANGLE2
765,SODIUM,DSP,IANGLE3,,SODIUM/DSP/IANGLE3
766,SODIUM,SSM,INPUT_FNAME,,SODIUM/SSM/INPUT_FNAME
767,SODIUM,SSM,PACKAGE_TYPE,,SODIUM/SSM/PACKAGE_TYPE
768,SODIUM,SSM,ID,,SODIUM/SSM/ID
769,SODIUM,SSM,INUNIT,,SODIUM/SSM/INUNIT
770,SODIUM,SSM,IOUT,,SODIUM/SSM/IOUT
771,SODIUM,SSM,INEWTON,,SODIUM/SSM/INEWTON
772,SODIUM,SSM,IASYM,,SODIUM/SSM/IASYM
773,SODIUM,SSM,IPRPAK,,SODIUM/SSM/IPRPAK
774,SODIUM,SSM,IPRFLOW,,SODIUM/SSM/IPRFLOW
775,SODIUM,SSM,IPAKCB,,SODIUM/SSM/IPAKCB
776,SODIUM,SSM,IONPER,,SODIUM/SSM/IONPER
777,SODIUM,SSM,LASTONPER,,SODIUM/SSM/LASTONPER
778,SODIUM,SSM,NBOUND,,SODIUM/SSM/NBOUND
779,SODIUM,MVT,INPUT_FNAME,,SODIUM/MVT/INPUT_FNAME
780,SODIUM,MVT,PACKAGE_TYPE,,SODIUM/MVT/PACKAGE_TYPE
781,SODIUM,MVT,ID,,SODIUM/MVT/ID
782,SODIUM,MVT,INUNIT,,SODIUM/MVT/INUNIT
783,SODIUM,MVT,IOUT,,SODIUM/MVT/IOUT
784,SODIUM,MVT,INEWTON,,SODIUM/MVT/INEWTON
785,SODIUM,MVT,IASYM,,SODIUM/MVT/IASYM
786,SODIUM,MVT,IPRPAK,,SODIUM/MVT/IPRPAK
787,SODIUM,MVT,IPRFLOW,,SODIUM/MVT/IPRFLOW
788,SODIUM,MVT,IPAKCB,,SODIUM/MVT/IPAKCB
789,SODIUM,MVT,IONPER,,SODIUM/MVT/IONPER
790,SODIUM,MVT,LASTONPER,,SODIUM/MVT/LASTONPER
791,SODIUM,MVT,MAXPACKAGES,,SODIUM/MVT/MAXPACKAGES
792,SODIUM,MVT,IBUDGETOUT,,SODIUM/MVT/IBUDGETOUT
793,SODIUM,MVT,IBUDCSV,,SODIUM/MVT/IBUDCSV
794,SODIUM,OC,INUNIT,,SODIUM/OC/INUNIT
795,SODIUM,OC,IOUT,,SODIUM/OC/IOUT
796,SODIUM,OC,IBUDCSV,,SODIUM/OC/IBUDCSV
797,SODIUM,OC,IPEROC,,SODIUM/OC/IPEROC
798,SODIUM,OC,IOCREP,,SODIUM/OC/IOCREP
799,GWF-GWT_1,M1ID,,,GWF-GWT_1/M1ID
800,GWF-GWT_1,M2ID,,,GWF-GWT_1/M2ID
801,GWF-GWT_2,M1ID,,,GWF-GWT_2/M1ID
802,GWF-GWT_2,M2ID,,,GWF-GWT_2/M2ID
803,SLN_1,ID,,,SLN_1/ID
804,SLN_1,IU,,,SLN_1/IU
805,SLN_1,TTFORM,,,SLN_1/TTFORM
806,SLN_1,TTSOLN,,,SLN_1/TTSOLN
807,SLN_1,ISYMMETRIC,,,SLN_1/ISYMMETRIC
808,SLN_1,NEQ,,,SLN_1/NEQ
809,SLN_1,MATRIX_OFFSET,,,SLN_1/MATRIX_OFFSET
810,SLN_1,DVCLOSE,,,SLN_1/DVCLOSE
811,SLN_1,BIGCHOLD,,,SLN_1/BIGCHOLD
812,SLN_1,BIGCH,,,SLN_1/BIGCH
813,SLN_1,RELAXOLD,,,SLN_1/RELAXOLD
814,SLN_1,RES_PREV,,,SLN_1/RES_PREV
815,SLN_1,RES_NEW,,,SLN_1/RES_NEW
816,SLN_1,ICNVG,,,SLN_1/ICNVG
817,SLN_1,ITERTOT_TIMESTEP,,,SLN_1/ITERTOT_TIMESTEP
818,SLN_1,IOUTTOT_TIMESTEP,,,SLN_1/IOUTTOT_TIMESTEP
819,SLN_1,INNERTOT_SIM,,,SLN_1/INNERTOT_SIM
820,SLN_1,MXITER,,,SLN_1/MXITER
821,SLN_1,LINSOLVER,,,SLN_1/LINSOLVER
822,SLN_1,NONMETH,,,SLN_1/NONMETH
823,SLN_1,IPRIMS,,,SLN_1/IPRIMS
824,SLN_1,THETA,,,SLN_1/THETA
825,SLN_1,AKAPPA,,,SLN_1/AKAPPA
826,SLN_1,GAMMA,,,SLN_1/GAMMA
827,SLN_1,AMOMENTUM,,,SLN_1/AMOMENTUM
828,SLN_1,BREDUC,,,SLN_1/BREDUC
829,SLN_1,BTOL,,,SLN_1/BTOL
830,SLN_1,RES_LIM,,,SLN_1/RES_LIM
831,SLN_1,NUMTRACK,,,SLN_1/NUMTRACK
832,SLN_1,IBFLAG,,,SLN_1/IBFLAG
833,SLN_1,ICSVOUTEROUT,,,SLN_1/ICSVOUTEROUT
834,SLN_1,ICSVINNEROUT,,,SLN_1/ICSVINNEROUT
835,SLN_1,NITERMAX,,,SLN_1/NITERMAX
836,SLN_1,CONVNMOD,,,SLN_1/CONVNMOD
837,SLN_1,IALLOWPTC,,,SLN_1/IALLOWPTC
838,SLN_1,IPTCOPT,,,SLN_1/IPTCOPT
839,SLN_1,IPTCOUT,,,SLN_1/IPTCOUT
840,SLN_1,L2NORM0,,,SLN_1/L2NORM0
841,SLN_1,PTCDEL,,,SLN_1/PTCDEL
842,SLN_1,PTCDEL0,,,SLN_1/PTCDEL0
843,SLN_1,PTCEXP,,,SLN_1/PTCEXP
844,SLN_1,ATSFRAC,,,SLN_1/ATSFRAC
845,SLN_2,ID,,,SLN_2/ID
846,SLN_2,IU,,,SLN_2/IU
847,SLN_2,TTFORM,,,SLN_2/TTFORM
848,SLN_2,TTSOLN,,,SLN_2/TTSOLN
849,SLN_2,ISYMMETRIC,,,SLN_2/ISYMMETRIC
850,SLN_2,NEQ,,,SLN_2/NEQ
851,SLN_2,MATRIX_OFFSET,,,SLN_2/MATRIX_OFFSET
852,SLN_2,DVCLOSE,,,SLN_2/DVCLOSE
853,SLN_2,BIGCHOLD,,,SLN_2/BIGCHOLD
854,SLN_2,BIGCH,,,SLN_2/BIGCH
855,SLN_2,RELAXOLD,,,SLN_2/RELAXOLD
856,SLN_2,RES_PREV,,,SLN_2/RES_PREV
857,SLN_2,RES_NEW,,,SLN_2/RES_NEW
858,SLN_2,ICNVG,,,SLN_2/ICNVG
859,SLN_2,ITERTOT_TIMESTEP,,,SLN_2/ITERTOT_TIMESTEP
860,SLN_2,IOUTTOT_TIMESTEP,,,SLN_2/IOUTTOT_TIMESTEP
861,SLN_2,INNERTOT_SIM,,,SLN_2/INNERTOT_SIM
862,SLN_2,MXITER,,,SLN_2/MXITER
863,SLN_2,LINSOLVER,,,SLN_2/LINSOLVER
864,SLN_2,NONMETH,,,SLN_2/NONMETH
865,SLN_2,IPRIMS,,,SLN_2/IPRIMS
866,SLN_2,THETA,,,SLN_2/THETA
867,SLN_2,AKAPPA,,,SLN_2/AKAPPA
868,SLN_2,GAMMA,,,SLN_2/GAMMA
869,SLN_2,AMOMENTUM,,,SLN_2/AMOMENTUM
870,SLN_2,BREDUC,,,SLN_2/BREDUC
871,SLN_2,BTOL,,,SLN_2/BTOL
872,SLN_2,RES_LIM,,,SLN_2/RES_LIM
873,SLN_2,NUMTRACK,,,SLN_2/NUMTRACK
874,SLN_2,IBFLAG,,,SLN_2/IBFLAG
875,SLN_2,ICSVOUTEROUT,,,SLN_2/ICSVOUTEROUT
876,SLN_2,ICSVINNEROUT,,,SLN_2/ICSVINNEROUT
877,SLN_2,NITERMAX,,,SLN_2/NITERMAX
878,SLN_2,CONVNMOD,,,SLN_2/CONVNMOD
879,SLN_2,IALLOWPTC,,,SLN_2/IALLOWPTC
880,SLN_2,IPTCOPT,,,SLN_2/IPTCOPT
881,SLN_2,IPTCOUT,,,SLN_2/IPTCOUT
882,SLN_2,L2NORM0,,,SLN_2/L2NORM0
883,SLN_2,PTCDEL,,,SLN_2/PTCDEL
884,SLN_2,PTCDEL0,,,SLN_2/PTCDEL0
885,SLN_2,PTCEXP,,,SLN_2/PTCEXP
886,SLN_2,ATSFRAC,,,SLN_2/ATSFRAC
887,SLN_3,ID,,,SLN_3/ID
888,SLN_3,IU,,,SLN_3/IU
889,SLN_3,TTFORM,,,SLN_3/TTFORM
890,SLN_3,TTSOLN,,,SLN_3/TTSOLN
891,SLN_3,ISYMMETRIC,,,SLN_3/ISYMMETRIC
892,SLN_3,NEQ,,,SLN_3/NEQ
893,SLN_3,MATRIX_OFFSET,,,SLN_3/MATRIX_OFFSET
894,SLN_3,DVCLOSE,,,SLN_3/DVCLOSE
895,SLN_3,BIGCHOLD,,,SLN_3/BIGCHOLD
896,SLN_3,BIGCH,,,SLN_3/BIGCH
897,SLN_3,RELAXOLD,,,SLN_3/RELAXOLD
898,SLN_3,RES_PREV,,,SLN_3/RES_PREV
899,SLN_3,RES_NEW,,,SLN_3/RES_NEW
900,SLN_3,ICNVG,,,SLN_3/ICNVG
901,SLN_3,ITERTOT_TIMESTEP,,,SLN_3/ITERTOT_TIMESTEP
902,SLN_3,IOUTTOT_TIMESTEP,,,SLN_3/IOUTTOT_TIMESTEP
903,SLN_3,INNERTOT_SIM,,,SLN_3/INNERTOT_SIM
904,SLN_3,MXITER,,,SLN_3/MXITER
905,SLN_3,LINSOLVER,,,SLN_3/LINSOLVER
906,SLN_3,NONMETH,,,SLN_3/NONMETH
907,SLN_3,IPRIMS,,,SLN_3/IPRIMS
908,SLN_3,THETA,,,SLN_3/THETA
909,SLN_3,AKAPPA,,,SLN_3/AKAPPA
910,SLN_3,GAMMA,,,SLN_3/GAMMA
911,SLN_3,AMOMENTUM,,,SLN_3/AMOMENTUM
912,SLN_3,BREDUC,,,SLN_3/BREDUC
913,SLN_3,BTOL,,,SLN_3/BTOL
914,SLN_3,RES_LIM,,,SLN_3/RES_LIM
915,SLN_3,NUMTRACK,,,SLN_3/NUMTRACK
916,SLN_3,IBFLAG,,,SLN_3/IBFLAG
917,SLN_3,ICSVOUTEROUT,,,SLN_3/ICSVOUTEROUT
918,SLN_3,ICSVINNEROUT,,,SLN_3/ICSVINNEROUT
919,SLN_3,NITERMAX,,,SLN_3/NITERMAX
920,SLN_3,CONVNMOD,,,SLN_3/CONVNMOD
921,SLN_3,IALLOWPTC,,,SLN_3/IALLOWPTC
922,SLN_3,IPTCOPT,,,SLN_3/IPTCOPT
923,SLN_3,IPTCOUT,,,SLN_3/IPTCOUT
924,SLN_3,L2NORM0,,,SLN_3/L2NORM0
925,SLN_3,PTCDEL,,,SLN_3/PTCDEL
926,SLN_3,PTCDEL0,,,SLN_3/PTCDEL0
927,SLN_3,PTCEXP,,,SLN_3/PTCEXP
928,SLN_3,ATSFRAC,,,SLN_3/ATSFRAC
929,GWF,DIS,DELR,,GWF/DIS/DELR
930,GWF,DIS,DELC,,GWF/DIS/DELC
931,GWF,DIS,IDOMAIN,,GWF/DIS/IDOMAIN
932,GWF,DIS,TOP2D,,GWF/DIS/TOP2D
933,GWF,DIS,BOT3D,,GWF/DIS/BOT3D
934,GWF,DIS,CELLX,,GWF/DIS/CELLX
935,GWF,DIS,CELLY,,GWF/DIS/CELLY
936,GWF,DIS,MSHAPE,,GWF/DIS/MSHAPE
937,GWF,DIS,XC,,GWF/DIS/XC
938,GWF,DIS,YC,,GWF/DIS/YC
939,GWF,DIS,TOP,,GWF/DIS/TOP
940,GWF,DIS,BOT,,GWF/DIS/BOT
941,GWF,DIS,AREA,,GWF/DIS/AREA
942,GWF,DBUFF,,,GWF/DBUFF
943,GWF,IBUFF,,,GWF/IBUFF
944,GWF,DIS,NODEUSER,,GWF/DIS/NODEUSER
945,GWF,DIS,NODEREDUCED,,GWF/DIS/NODEREDUCED
946,GWF,CON,NODES,,GWF/CON/NODES
947,GWF,CON,NJA,,GWF/CON/NJA
948,GWF,CON,NJAS,,GWF/CON/NJAS
949,GWF,CON,IANGLEX,,GWF/CON/IANGLEX
950,GWF,CON,IA,,GWF/CON/IA
951,GWF,CON,JA,,GWF/CON/JA
952,GWF,CON,ISYM,,GWF/CON/ISYM
953,GWF,CON,JAS,,GWF/CON/JAS
954,GWF,CON,HWVA,,GWF/CON/HWVA
955,GWF,CON,ANGLEX,,GWF/CON/ANGLEX
956,GWF,CON,IHC,,GWF/CON/IHC
957,GWF,CON,CL1,,GWF/CON/CL1
958,GWF,CON,CL2,,GWF/CON/CL2
959,GWF,CON,IAUSR,,GWF/CON/IAUSR
960,GWF,CON,JAUSR,,GWF/CON/JAUSR
961,GWF,NPF,ITHICKSTARTFLAG,,GWF/NPF/ITHICKSTARTFLAG
962,GWF,NPF,ICELLTYPE,,GWF/NPF/ICELLTYPE
963,GWF,NPF,K11,,GWF/NPF/K11
964,GWF,NPF,SAT,,GWF/NPF/SAT
965,GWF,NPF,CONDSAT,,GWF/NPF/CONDSAT
966,GWF,NPF,K22,,GWF/NPF/K22
967,GWF,NPF,K33,,GWF/NPF/K33
968,GWF,NPF,WETDRY,,GWF/NPF/WETDRY
969,GWF,NPF,ANGLE1,,GWF/NPF/ANGLE1
970,GWF,NPF,ANGLE2,,GWF/NPF/ANGLE2
971,GWF,NPF,ANGLE3,,GWF/NPF/ANGLE3
972,GWF,NPF,IBOTNODE,,GWF/NPF/IBOTNODE
973,GWF,NPF,NODEDGE,,GWF/NPF/NODEDGE
974,GWF,NPF,IHCEDGE,,GWF/NPF/IHCEDGE
975,GWF,NPF,PROPSEDGE,,GWF/NPF/PROPSEDGE
976,GWF,NPF,K11INPUT,,GWF/NPF/K11INPUT
977,GWF,NPF,K22INPUT,,GWF/NPF/K22INPUT
978,GWF,NPF,K33INPUT,,GWF/NPF/K33INPUT
979,GWF,NPF,SPDIS,,GWF/NPF/SPDIS
980,GWF,NPF,NODEKCHANGE,,GWF/NPF/NODEKCHANGE
981,GWF,XOLD,,,GWF/XOLD
982,GWF,FLOWJA,,,GWF/FLOWJA
983,GWF,IDXGLO,,,GWF/IDXGLO
984,CHLORIDE,DIS,DELR,,CHLORIDE/DIS/DELR
985,CHLORIDE,DIS,DELC,,CHLORIDE/DIS/DELC
986,CHLORIDE,DIS,IDOMAIN,,CHLORIDE/DIS/IDOMAIN
987,CHLORIDE,DIS,TOP2D,,CHLORIDE/DIS/TOP2D
988,CHLORIDE,DIS,BOT3D,,CHLORIDE/DIS/BOT3D
989,CHLORIDE,DIS,CELLX,,CHLORIDE/DIS/CELLX
990,CHLORIDE,DIS,CELLY,,CHLORIDE/DIS/CELLY
991,CHLORIDE,DIS,MSHAPE,,CHLORIDE/DIS/MSHAPE
992,CHLORIDE,DIS,XC,,CHLORIDE/DIS/XC
993,CHLORIDE,DIS,YC,,CHLORIDE/DIS/YC
994,CHLORIDE,DIS,TOP,,CHLORIDE/DIS/TOP
995,CHLORIDE,DIS,BOT,,CHLORIDE/DIS/BOT
996,CHLORIDE,DIS,AREA,,CHLORIDE/DIS/AREA
997,CHLORIDE,DBUFF,,,CHLORIDE/DBUFF
998,CHLORIDE,IBUFF,,,CHLORIDE/IBUFF
999,CHLORIDE,DIS,NODEUSER,,CHLORIDE/DIS/NODEUSER
1000,CHLORIDE,DIS,NODEREDUCED,,CHLORIDE/DIS/NODEREDUCED
1001,CHLORIDE,CON,NODES,,CHLORIDE/CON/NODES
1002,CHLORIDE,CON,NJA,,CHLORIDE/CON/NJA
1003,CHLORIDE,CON,NJAS,,CHLORIDE/CON/NJAS
1004,CHLORIDE,CON,IANGLEX,,CHLORIDE/CON/IANGLEX
1005,CHLORIDE,CON,IA,,CHLORIDE/CON/IA
1006,CHLORIDE,CON,JA,,CHLORIDE/CON/JA
1007,CHLORIDE,CON,ISYM,,CHLORIDE/CON/ISYM
1008,CHLORIDE,CON,JAS,,CHLORIDE/CON/JAS
1009,CHLORIDE,CON,HWVA,,CHLORIDE/CON/HWVA
1010,CHLORIDE,CON,ANGLEX,,CHLORIDE/CON/ANGLEX
1011,CHLORIDE,CON,IHC,,CHLORIDE/CON/IHC
1012,CHLORIDE,CON,CL1,,CHLORIDE/CON/CL1
1013,CHLORIDE,CON,CL2,,CHLORIDE/CON/CL2
1014,CHLORIDE,CON,IAUSR,,CHLORIDE/CON/IAUSR
1015,CHLORIDE,CON,JAUSR,,CHLORIDE/CON/JAUSR
1016,CHLORIDE,FMI,IATP,,CHLORIDE/FMI/IATP
1017,CHLORIDE,FMI,IGWFMVRTERM,,CHLORIDE/FMI/IGWFMVRTERM
1018,CHLORIDE,FMI-FT1,NAME,,CHLORIDE/FMI-FT1/NAME
1019,CHLORIDE,FMI-FT1,BUDTXT,,CHLORIDE/FMI-FT1/BUDTXT
1020,CHLORIDE,FMI-FT1,NAUX,,CHLORIDE/FMI-FT1/NAUX
1021,CHLORIDE,FMI-FT1,AUXNAME,,CHLORIDE/FMI-FT1/AUXNAME
1022,CHLORIDE,FMI-FT1,NBOUND,,CHLORIDE/FMI-FT1/NBOUND
1023,CHLORIDE,FMI-FT1,NODELIST,,CHLORIDE/FMI-FT1/NODELIST
1024,CHLORIDE,FMI-FT1,FLOW,,CHLORIDE/FMI-FT1/FLOW
1025,CHLORIDE,FMI-FT1,AUXVAR,,CHLORIDE/FMI-FT1/AUXVAR
1026,CHLORIDE,FMI-FT2,NAME,,CHLORIDE/FMI-FT2/NAME
1027,CHLORIDE,FMI-FT2,BUDTXT,,CHLORIDE/FMI-FT2/BUDTXT
1028,CHLORIDE,FMI-FT2,NAUX,,CHLORIDE/FMI-FT2/NAUX
1029,CHLORIDE,FMI-FT2,AUXNAME,,CHLORIDE/FMI-FT2/AUXNAME
1030,CHLORIDE,FMI-FT2,NBOUND,,CHLORIDE/FMI-FT2/NBOUND
1031,CHLORIDE,FMI-FT2,NODELIST,,CHLORIDE/FMI-FT2/NODELIST
1032,CHLORIDE,FMI-FT2,FLOW,,CHLORIDE/FMI-FT2/FLOW
1033,CHLORIDE,FMI-FT2,AUXVAR,,CHLORIDE/FMI-FT2/AUXVAR
1034,CHLORIDE,DSP,ALH,,CHLORIDE/DSP/ALH
1035,CHLORIDE,DSP,ALV,,CHLORIDE/DSP/ALV
1036,CHLORIDE,DSP,ATH1,,CHLORIDE/DSP/ATH1
1037,CHLORIDE,DSP,ATH2,,CHLORIDE/DSP/ATH2
1038,CHLORIDE,DSP,ATV,,CHLORIDE/DSP/ATV
1039,CHLORIDE,DSP,DIFFC,,CHLORIDE/DSP/DIFFC
1040,CHLORIDE,DSP,D11,,CHLORIDE/DSP/D11
1041,CHLORIDE,DSP,D22,,CHLORIDE/DSP/D22
1042,CHLORIDE,DSP,D33,,CHLORIDE/DSP/D33
1043,CHLORIDE,DSP,ANGLE1,,CHLORIDE/DSP/ANGLE1
1044,CHLORIDE,DSP,ANGLE2,,CHLORIDE/DSP/ANGLE2
1045,CHLORIDE,DSP,ANGLE3,,CHLORIDE/DSP/ANGLE3
1046,CHLORIDE,DSP,DISPCOEF,,CHLORIDE/DSP/DISPCOEF
1047,CHLORIDE,XOLD,,,CHLORIDE/XOLD
1048,CHLORIDE,FLOWJA,,,CHLORIDE/FLOWJA
1049,CHLORIDE,IDXGLO,,,CHLORIDE/IDXGLO
1050,SODIUM,DIS,DELR,,SODIUM/DIS/DELR
1051,SODIUM,DIS,DELC,,SODIUM/DIS/DELC
1052,SODIUM,DIS,IDOMAIN,,SODIUM/DIS/IDOMAIN
1053,SODIUM,DIS,TOP2D,,SODIUM/DIS/TOP2D
1054,SODIUM,DIS,BOT3D,,SODIUM/DIS/BOT3D
1055,SODIUM,DIS,CELLX,,SODIUM/DIS/CELLX
1056,SODIUM,DIS,CELLY,,SODIUM/DIS/CELLY
1057,SODIUM,DIS,MSHAPE,,SODIUM/DIS/MSHAPE
1058,SODIUM,DIS,XC,,SODIUM/DIS/XC
1059,SODIUM,DIS,YC,,SODIUM/DIS/YC
1060,SODIUM,DIS,TOP,,SODIUM/DIS/TOP
1061,SODIUM,DIS,BOT,,SODIUM/DIS/BOT
1062,SODIUM,DIS,AREA,,SODIUM/DIS/AREA
1063,SODIUM,DBUFF,,,SODIUM/DBUFF
1064,SODIUM,IBUFF,,,SODIUM/IBUFF
1065,SODIUM,DIS,NODEUSER,,SODIUM/DIS/NODEUSER
1066,SODIUM,DIS,NODEREDUCED,,SODIUM/DIS/NODEREDUCED
1067,SODIUM,CON,NODES,,SODIUM/CON/NODES
1068,SODIUM,CON,NJA,,SODIUM/CON/NJA
1069,SODIUM,CON,NJAS,,SODIUM/CON/NJAS
1070,SODIUM,CON,IANGLEX,,SODIUM/CON/IANGLEX
1071,SODIUM,CON,IA,,SODIUM/CON/IA
1072,SODIUM,CON,JA,,SODIUM/CON/JA
1073,SODIUM,CON,ISYM,,SODIUM/CON/ISYM
1074,SODIUM,CON,JAS,,SODIUM/CON/JAS
1075,SODIUM,CON,HWVA,,SODIUM/CON/HWVA
1076,SODIUM,CON,ANGLEX,,SODIUM/CON/ANGLEX
1077,SODIUM,CON,IHC,,SODIUM/CON/IHC
1078,SODIUM,CON,CL1,,SODIUM/CON/CL1
1079,SODIUM,CON,CL2,,SODIUM/CON/CL2
1080,SODIUM,CON,IAUSR,,SODIUM/CON/IAUSR
1081,SODIUM,CON,JAUSR,,SODIUM/CON/JAUSR
1082,SODIUM,FMI,IATP,,SODIUM/FMI/IATP
1083,SODIUM,FMI,IGWFMVRTERM,,SODIUM/FMI/IGWFMVRTERM
1084,SODIUM,FMI-FT1,NAME,,SODIUM/FMI-FT1/NAME
1085,SODIUM,FMI-FT1,BUDTXT,,SODIUM/FMI-FT1/BUDTXT
1086,SODIUM,FMI-FT1,NAUX,,SODIUM/FMI-FT1/NAUX
1087,SODIUM,FMI-FT1,AUXNAME,,SODIUM/FMI-FT1/AUXNAME
1088,SODIUM,FMI-FT1,NBOUND,,SODIUM/FMI-FT1/NBOUND
1089,SODIUM,FMI-FT1,NODELIST,,SODIUM/FMI-FT1/NODELIST
1090,SODIUM,FMI-FT1,FLOW,,SODIUM/FMI-FT1/FLOW
1091,SODIUM,FMI-FT1,AUXVAR,,SODIUM/FMI-FT1/AUXVAR
1092,SODIUM,FMI-FT2,NAME,,SODIUM/FMI-FT2/NAME
1093,SODIUM,FMI-FT2,BUDTXT,,SODIUM/FMI-FT2/BUDTXT
1094,SODIUM,FMI-FT2,NAUX,,SODIUM/FMI-FT2/NAUX
1095,SODIUM,FMI-FT2,AUXNAME,,SODIUM/FMI-FT2/AUXNAME
1096,SODIUM,FMI-FT2,NBOUND,,SODIUM/FMI-FT2/NBOUND
1097,SODIUM,FMI-FT2,NODELIST,,SODIUM/FMI-FT2/NODELIST
1098,SODIUM,FMI-FT2,FLOW,,SODIUM/FMI-FT2/FLOW
1099,SODIUM,FMI-FT2,AUXVAR,,SODIUM/FMI-FT2/AUXVAR
1100,SODIUM,DSP,ALH,,SODIUM/DSP/ALH
1101,SODIUM,DSP,ALV,,SODIUM/DSP/ALV
1102,SODIUM,DSP,ATH1,,SODIUM/DSP/ATH1
1103,SODIUM,DSP,ATH2,,SODIUM/DSP/ATH2
1104,SODIUM,DSP,ATV,,SODIUM/DSP/ATV
1105,SODIUM,DSP,DIFFC,,SODIUM/DSP/DIFFC
1106,SODIUM,DSP,D11,,SODIUM/DSP/D11
1107,SODIUM,DSP,D22,,SODIUM/DSP/D22
1108,SODIUM,DSP,D33,,SODIUM/DSP/D33
1109,SODIUM,DSP,ANGLE1,,SODIUM/DSP/ANGLE1
1110,SODIUM,DSP,ANGLE2,,SODIUM/DSP/ANGLE2
1111,SODIUM,DSP,ANGLE3,,SODIUM/DSP/ANGLE3
1112,SODIUM,DSP,DISPCOEF,,SODIUM/DSP/DISPCOEF
1113,SODIUM,XOLD,,,SODIUM/XOLD
1114,SODIUM,FLOWJA,,,SODIUM/FLOWJA
1115,SODIUM,IDXGLO,,,SODIUM/IDXGLO
1116,CHLORIDE,FMI,GWFFLOWJA,,CHLORIDE/FMI/GWFFLOWJA
1117,SODIUM,FMI,GWFFLOWJA,,SODIUM/FMI/GWFFLOWJA
1118,SLN_1,X,,,SLN_1/X
1119,SLN_1,RHS,,,SLN_1/RHS
1120,SLN_1,IACTIVE,,,SLN_1/IACTIVE
1121,SLN_1,XTEMP,,,SLN_1/XTEMP
1122,SLN_1,DXOLD,,,SLN_1/DXOLD
1123,SLN_1,HNCG,,,SLN_1/HNCG
1124,SLN_1,LRCH,,,SLN_1/LRCH
1125,SLN_1,WSAVE,,,SLN_1/WSAVE
1126,SLN_1,HCHOLD,,,SLN_1/HCHOLD
1127,SLN_1,DEOLD,,,SLN_1/DEOLD
1128,SLN_1,CONVMODSTART,,,SLN_1/CONVMODSTART
1129,TMPSLN_1,CONVNMOD,,,TMPSLN_1/CONVNMOD
1130,TMPSLN_1,NITERMAX,,,TMPSLN_1/NITERMAX
1131,TMPSLN_1,ITINNER,,,TMPSLN_1/ITINNER
1132,TMPSLN_1,LOCDV,,,TMPSLN_1/LOCDV
1133,TMPSLN_1,DVMAX,,,TMPSLN_1/DVMAX
1134,TMPSLN_1,LOCDR,,,TMPSLN_1/LOCDR
1135,TMPSLN_1,DRMAX,,,TMPSLN_1/DRMAX
1136,TMPSLN_1,CONVDVMAX,,,TMPSLN_1/CONVDVMAX
1137,TMPSLN_1,CONVLOCDV,,,TMPSLN_1/CONVLOCDV
1138,TMPSLN_1,CONVDRMAX,,,TMPSLN_1/CONVDRMAX
1139,TMPSLN_1,CONVLOCDR,,,TMPSLN_1/CONVLOCDR
1140,GWF,X,,,GWF/X
1141,GWF,RHS,,,GWF/RHS
1142,GWF,IBOUND,,,GWF/IBOUND
1143,SLN_1,NROW,,,SLN_1/NROW
1144,SLN_1,NCOL,,,SLN_1/NCOL
1145,SLN_1,NJA,,,SLN_1/NJA
1146,SLN_1,IA,,,SLN_1/IA
1147,SLN_1,JA,,,SLN_1/JA
1148,SLN_1,AMAT,,,SLN_1/AMAT
1149,SLN_2,X,,,SLN_2/X
1150,SLN_2,RHS,,,SLN_2/RHS
1151,SLN_2,IACTIVE,,,SLN_2/IACTIVE
1152,SLN_2,XTEMP,,,SLN_2/XTEMP
1153,SLN_2,DXOLD,,,SLN_2/DXOLD
1154,SLN_2,HNCG,,,SLN_2/HNCG
1155,SLN_2,LRCH,,,SLN_2/LRCH
1156,SLN_2,WSAVE,,,SLN_2/WSAVE
1157,SLN_2,HCHOLD,,,SLN_2/HCHOLD
1158,SLN_2,DEOLD,,,SLN_2/DEOLD
1159,SLN_2,CONVMODSTART,,,SLN_2/CONVMODSTART
1160,TMPSLN_2,CONVNMOD,,,TMPSLN_2/CONVNMOD
1161,TMPSLN_2,NITERMAX,,,TMPSLN_2/NITERMAX
1162,TMPSLN_2,ITINNER,,,TMPSLN_2/ITINNER
1163,TMPSLN_2,LOCDV,,,TMPSLN_2/LOCDV
1164,TMPSLN_2,DVMAX,,,TMPSLN_2/DVMAX
1165,TMPSLN_2,LOCDR,,,TMPSLN_2/LOCDR
1166,TMPSLN_2,DRMAX,,,TMPSLN_2/DRMAX
1167,TMPSLN_2,CONVDVMAX,,,TMPSLN_2/CONVDVMAX
1168,TMPSLN_2,CONVLOCDV,,,TMPSLN_2/CONVLOCDV
1169,TMPSLN_2,CONVDRMAX,,,TMPSLN_2/CONVDRMAX
1170,TMPSLN_2,CONVLOCDR,,,TMPSLN_2/CONVLOCDR
1171,CHLORIDE,X,,,CHLORIDE/X
1172,CHLORIDE,RHS,,,CHLORIDE/RHS
1173,CHLORIDE,IBOUND,,,CHLORIDE/IBOUND
1174,SLN_2,NROW,,,SLN_2/NROW
1175,SLN_2,NCOL,,,SLN_2/NCOL
1176,SLN_2,NJA,,,SLN_2/NJA
1177,SLN_2,IA,,,SLN_2/IA
1178,SLN_2,JA,,,SLN_2/JA
1179,SLN_2,AMAT,,,SLN_2/AMAT
1180,SLN_3,X,,,SLN_3/X
1181,SLN_3,RHS,,,SLN_3/RHS
1182,SLN_3,IACTIVE,,,SLN_3/IACTIVE
1183,SLN_3,XTEMP,,,SLN_3/XTEMP
1184,SLN_3,DXOLD,,,SLN_3/DXOLD
1185,SLN_3,HNCG,,,SLN_3/HNCG
1186,SLN_3,LRCH,,,SLN_3/LRCH
1187,SLN_3,WSAVE,,,SLN_3/WSAVE
1188,SLN_3,HCHOLD,,,SLN_3/HCHOLD
1189,SLN_3,DEOLD,,,SLN_3/DEOLD
1190,SLN_3,CONVMODSTART,,,SLN_3/CONVMODSTART
1191,TMPSLN_3,CONVNMOD,,,TMPSLN_3/CONVNMOD
1192,TMPSLN_3,NITERMAX,,,TMPSLN_3/NITERMAX
1193,TMPSLN_3,ITINNER,,,TMPSLN_3/ITINNER
1194,TMPSLN_3,LOCDV,,,TMPSLN_3/LOCDV
1195,TMPSLN_3,DVMAX,,,TMPSLN_3/DVMAX
1196,TMPSLN_3,LOCDR,,,TMPSLN_3/LOCDR
1197,TMPSLN_3,DRMAX,,,TMPSLN_3/DRMAX
1198,TMPSLN_3,CONVDVMAX,,,TMPSLN_3/CONVDVMAX
1199,TMPSLN_3,CONVLOCDV,,,TMPSLN_3/CONVLOCDV
1200,TMPSLN_3,CONVDRMAX,,,TMPSLN_3/CONVDRMAX
1201,TMPSLN_3,CONVLOCDR,,,TMPSLN_3/CONVLOCDR
1202,SODIUM,X,,,SODIUM/X
1203,SODIUM,RHS,,,SODIUM/RHS
1204,SODIUM,IBOUND,,,SODIUM/IBOUND
1205,SLN_3,NROW,,,SLN_3/NROW
1206,SLN_3,NCOL,,,SLN_3/NCOL
1207,SLN_3,NJA,,,SLN_3/NJA
1208,SLN_3,IA,,,SLN_3/IA
1209,SLN_3,JA,,,SLN_3/JA
1210,SLN_3,AMAT,,,SLN_3/AMAT
1211,GWF,IC,STRT,,GWF/IC/STRT
1212,GWF,WEL,NODELIST,,GWF/WEL/NODELIST
1213,GWF,WEL,NOUPDATEAUXVAR,,GWF/WEL/NOUPDATEAUXVAR
1214,GWF,WEL,BOUND,,GWF/WEL/BOUND
1215,GWF,WEL,CONDINPUT,,GWF/WEL/CONDINPUT
1216,GWF,WEL,HCOF,,GWF/WEL/HCOF
1217,GWF,WEL,RHS,,GWF/WEL/RHS
1218,GWF,WEL,SIMVALS,,GWF/WEL/SIMVALS
1219,GWF,WEL,SIMTOMVR,,GWF/WEL/SIMTOMVR
1220,GWF,WEL,AUXVAR,,GWF/WEL/AUXVAR
1221,GWF,WEL,BOUNDNAME,,GWF/WEL/BOUNDNAME
1222,GWF,WEL,BOUNDNAME_CST,,GWF/WEL/BOUNDNAME_CST
1223,GWF,WEL,CELLID,,GWF/WEL/CELLID
1224,GWF,WEL,BOUNDNAME_IDM,,GWF/WEL/BOUNDNAME_IDM
1225,GWF,WEL,AUXVAR_IDM,,GWF/WEL/AUXVAR_IDM
1226,GWF,WEL,Q,,GWF/WEL/Q
1227,GWF,CHD,NODELIST,,GWF/CHD/NODELIST
1228,GWF,CHD,NOUPDATEAUXVAR,,GWF/CHD/NOUPDATEAUXVAR
1229,GWF,CHD,BOUND,,GWF/CHD/BOUND
1230,GWF,CHD,CONDINPUT,,GWF/CHD/CONDINPUT
1231,GWF,CHD,HCOF,,GWF/CHD/HCOF
1232,GWF,CHD,RHS,,GWF/CHD/RHS
1233,GWF,CHD,SIMVALS,,GWF/CHD/SIMVALS
1234,GWF,CHD,SIMTOMVR,,GWF/CHD/SIMTOMVR
1235,GWF,CHD,AUXVAR,,GWF/CHD/AUXVAR
1236,GWF,CHD,BOUNDNAME,,GWF/CHD/BOUNDNAME
1237,GWF,CHD,BOUNDNAME_CST,,GWF/CHD/BOUNDNAME_CST
1238,GWF,CHD,CELLID,,GWF/CHD/CELLID
1239,GWF,CHD,BOUNDNAME_IDM,,GWF/CHD/BOUNDNAME_IDM
1240,GWF,CHD,AUXVAR_IDM,,GWF/CHD/AUXVAR_IDM
1241,GWF,CHD,RATECHDIN,,GWF/CHD/RATECHDIN
1242,GWF,CHD,RATECHDOUT,,GWF/CHD/RATECHDOUT
1243,GWF,CHD,HEAD,,GWF/CHD/HEAD
1244,CHLORIDE,FMI,IBDGWFSAT0,,CHLORIDE/FMI/IBDGWFSAT0
1245,CHLORIDE,FMI,FLOWCORRECT,,CHLORIDE/FMI/FLOWCORRECT
1246,CHLORIDE,IC,STRT,,CHLORIDE/IC/STRT
1247,CHLORIDE,MST,POROSITY,,CHLORIDE/MST/POROSITY
1248,CHLORIDE,MST,THETAM,,CHLORIDE/MST/THETAM
1249,CHLORIDE,MST,VOLFRACIM,,CHLORIDE/MST/VOLFRACIM
1250,CHLORIDE,MST,RATESTO,,CHLORIDE/MST/RATESTO
1251,CHLORIDE,MST,RATEDCY,,CHLORIDE/MST/RATEDCY
1252,CHLORIDE,MST,DECAY,,CHLORIDE/MST/DECAY
1253,CHLORIDE,MST,DECAYLAST,,CHLORIDE/MST/DECAYLAST
1254,CHLORIDE,MST,RATEDCYS,,CHLORIDE/MST/RATEDCYS
1255,CHLORIDE,MST,DECAYSLAST,,CHLORIDE/MST/DECAYSLAST
1256,CHLORIDE,MST,DECAY_SORBED,,CHLORIDE/MST/DECAY_SORBED
1257,CHLORIDE,MST,BULK_DENSITY,,CHLORIDE/MST/BULK_DENSITY
1258,CHLORIDE,MST,SP2,,CHLORIDE/MST/SP2
1259,CHLORIDE,MST,DISTCOEF,,CHLORIDE/MST/DISTCOEF
1260,CHLORIDE,MST,RATESRB,,CHLORIDE/MST/RATESRB
1261,CHLORIDE,SSM,IAUXPAK,,CHLORIDE/SSM/IAUXPAK
1262,CHLORIDE,SSM,ISRCTYPE,,CHLORIDE/SSM/ISRCTYPE
1263,SODIUM,FMI,IBDGWFSAT0,,SODIUM/FMI/IBDGWFSAT0
1264,SODIUM,FMI,FLOWCORRECT,,SODIUM/FMI/FLOWCORRECT
1265,SODIUM,IC,STRT,,SODIUM/IC/STRT
1266,SODIUM,MST,POROSITY,,SODIUM/MST/POROSITY
1267,SODIUM,MST,THETAM,,SODIUM/MST/THETAM
1268,SODIUM,MST,VOLFRACIM,,SODIUM/MST/VOLFRACIM
1269,SODIUM,MST,RATESTO,,SODIUM/MST/RATESTO
1270,SODIUM,MST,RATEDCY,,SODIUM/MST/RATEDCY
1271,SODIUM,MST,DECAY,,SODIUM/MST/DECAY
1272,SODIUM,MST,DECAYLAST,,SODIUM/MST/DECAYLAST
1273,SODIUM,MST,RATEDCYS,,SODIUM/MST/RATEDCYS
1274,SODIUM,MST,DECAYSLAST,,SODIUM/MST/DECAYSLAST
1275,SODIUM,MST,DECAY_SORBED,,SODIUM/MST/DECAY_SORBED
1276,SODIUM,MST,BULK_DENSITY,,SODIUM/MST/BULK_DENSITY
1277,SODIUM,MST,SP2,,SODIUM/MST/SP2
1278,SODIUM,MST,DISTCOEF,,SODIUM/MST/DISTCOEF
1279,SODIUM,MST,RATESRB,,SODIUM/MST/RATESRB
1280,SODIUM,SSM,IAUXPAK,,SODIUM/SSM/IAUXPAK
1281,SODIUM,SSM,ISRCTYPE,,SODIUM/SSM/ISRCTYPE
1282,CHLORIDE,FMI,GWFHEAD,,CHLORIDE/FMI/GWFHEAD
1283,CHLORIDE,FMI,GWFSAT,,CHLORIDE/FMI/GWFSAT
1284,CHLORIDE,FMI,GWFSPDIS,,CHLORIDE/FMI/GWFSPDIS
1285,SODIUM,FMI,GWFHEAD,,SODIUM/FMI/GWFHEAD
1286,SODIUM,FMI,GWFSAT,,SODIUM/FMI/GWFSAT
1287,SODIUM,FMI,GWFSPDIS,,SODIUM/FMI/GWFSPDIS
1288,SLN_1,IMSLINEAR,DVCLOSE,,SLN_1/IMSLINEAR/DVCLOSE
1289,SLN_1,IMSLINEAR,RCLOSE,,SLN_1/IMSLINEAR/RCLOSE
1290,SLN_1,IMSLINEAR,ICNVGOPT,,SLN_1/IMSLINEAR/ICNVGOPT
1291,SLN_1,IMSLINEAR,ITER1,,SLN_1/IMSLINEAR/ITER1
1292,SLN_1,IMSLINEAR,ILINMETH,,SLN_1/IMSLINEAR/ILINMETH
1293,SLN_1,IMSLINEAR,ISCL,,SLN_1/IMSLINEAR/ISCL
1294,SLN_1,IMSLINEAR,IORD,,SLN_1/IMSLINEAR/IORD
1295,SLN_1,IMSLINEAR,NORTH,,SLN_1/IMSLINEAR/NORTH
1296,SLN_1,IMSLINEAR,RELAX,,SLN_1/IMSLINEAR/RELAX
1297,SLN_1,IMSLINEAR,LEVEL,,SLN_1/IMSLINEAR/LEVEL
1298,SLN_1,IMSLINEAR,DROPTOL,,SLN_1/IMSLINEAR/DROPTOL
1299,SLN_1,IMSLINEAR,IDFPARAM,,SLN_1/IMSLINEAR/IDFPARAM
1300,SLN_1,IMSLINEAR,NJA,,SLN_1/IMSLINEAR/NJA
1301,SLN_1,IMSLINEAR,IOUT,,SLN_1/IMSLINEAR/IOUT
1302,SLN_1,IMSLINEAR,IPC,,SLN_1/IMSLINEAR/IPC
1303,SLN_1,IMSLINEAR,IACPC,,SLN_1/IMSLINEAR/IACPC
1304,SLN_1,IMSLINEAR,NITERC,,SLN_1/IMSLINEAR/NITERC
1305,SLN_1,IMSLINEAR,NIABCGS,,SLN_1/IMSLINEAR/NIABCGS
1306,SLN_1,IMSLINEAR,NIAPC,,SLN_1/IMSLINEAR/NIAPC
1307,SLN_1,IMSLINEAR,NJAPC,,SLN_1/IMSLINEAR/NJAPC
1308,SLN_1,IMSLINEAR,EPFACT,,SLN_1/IMSLINEAR/EPFACT
1309,SLN_1,IMSLINEAR,L2NORM0,,SLN_1/IMSLINEAR/L2NORM0
1310,SLN_1,IMSLINEAR,NJLU,,SLN_1/IMSLINEAR/NJLU
1311,SLN_1,IMSLINEAR,NJW,,SLN_1/IMSLINEAR/NJW
1312,SLN_1,IMSLINEAR,NWLU,,SLN_1/IMSLINEAR/NWLU
1313,SLN_1,IMSLINEAR,DSCALE,,SLN_1/IMSLINEAR/DSCALE
1314,SLN_1,IMSLINEAR,DSCALE2,,SLN_1/IMSLINEAR/DSCALE2
1315,SLN_1,IMSLINEAR,IAPC,,SLN_1/IMSLINEAR/IAPC
1316,SLN_1,IMSLINEAR,JAPC,,SLN_1/IMSLINEAR/JAPC
1317,SLN_1,IMSLINEAR,APC,,SLN_1/IMSLINEAR/APC
1318,SLN_1,IMSLINEAR,IW,,SLN_1/IMSLINEAR/IW
1319,SLN_1,IMSLINEAR,W,,SLN_1/IMSLINEAR/W
1320,SLN_1,IMSLINEAR,JLU,,SLN_1/IMSLINEAR/JLU
1321,SLN_1,IMSLINEAR,JW,,SLN_1/IMSLINEAR/JW
1322,SLN_1,IMSLINEAR,WLU,,SLN_1/IMSLINEAR/WLU
1323,SLN_1,IMSLINEAR,LORDER,,SLN_1/IMSLINEAR/LORDER
1324,SLN_1,IMSLINEAR,IORDER,,SLN_1/IMSLINEAR/IORDER
1325,SLN_1,IMSLINEAR,IARO,,SLN_1/IMSLINEAR/IARO
1326,SLN_1,IMSLINEAR,JARO,,SLN_1/IMSLINEAR/JARO
1327,SLN_1,IMSLINEAR,ARO,,SLN_1/IMSLINEAR/ARO
1328,SLN_1,IMSLINEAR,ID,,SLN_1/IMSLINEAR/ID
1329,SLN_1,IMSLINEAR,D,,SLN_1/IMSLINEAR/D
1330,SLN_1,IMSLINEAR,P,,SLN_1/IMSLINEAR/P
1331,SLN_1,IMSLINEAR,Q,,SLN_1/IMSLINEAR/Q
1332,SLN_1,IMSLINEAR,Z,,SLN_1/IMSLINEAR/Z
1333,SLN_1,IMSLINEAR,T,,SLN_1/IMSLINEAR/T
1334,SLN_1,IMSLINEAR,V,,SLN_1/IMSLINEAR/V
1335,SLN_1,IMSLINEAR,DHAT,,SLN_1/IMSLINEAR/DHAT
1336,SLN_1,IMSLINEAR,PHAT,,SLN_1/IMSLINEAR/PHAT
1337,SLN_1,IMSLINEAR,QHAT,,SLN_1/IMSLINEAR/QHAT
1338,SLN_2,IMSLINEAR,DVCLOSE,,SLN_2/IMSLINEAR/DVCLOSE
1339,SLN_2,IMSLINEAR,RCLOSE,,SLN_2/IMSLINEAR/RCLOSE
1340,SLN_2,IMSLINEAR,ICNVGOPT,,SLN_2/IMSLINEAR/ICNVGOPT
1341,SLN_2,IMSLINEAR,ITER1,,SLN_2/IMSLINEAR/ITER1
1342,SLN_2,IMSLINEAR,ILINMETH,,SLN_2/IMSLINEAR/ILINMETH
1343,SLN_2,IMSLINEAR,ISCL,,SLN_2/IMSLINEAR/ISCL
1344,SLN_2,IMSLINEAR,IORD,,SLN_2/IMSLINEAR/IORD
1345,SLN_2,IMSLINEAR,NORTH,,SLN_2/IMSLINEAR/NORTH
1346,SLN_2,IMSLINEAR,RELAX,,SLN_2/IMSLINEAR/RELAX
1347,SLN_2,IMSLINEAR,LEVEL,,SLN_2/IMSLINEAR/LEVEL
1348,SLN_2,IMSLINEAR,DROPTOL,,SLN_2/IMSLINEAR/DROPTOL
1349,SLN_2,IMSLINEAR,IDFPARAM,,SLN_2/IMSLINEAR/IDFPARAM
1350,SLN_2,IMSLINEAR,NJA,,SLN_2/IMSLINEAR/NJA
1351,SLN_2,IMSLINEAR,IOUT,,SLN_2/IMSLINEAR/IOUT
1352,SLN_2,IMSLINEAR,IPC,,SLN_2/IMSLINEAR/IPC
1353,SLN_2,IMSLINEAR,IACPC,,SLN_2/IMSLINEAR/IACPC
1354,SLN_2,IMSLINEAR,NITERC,,SLN_2/IMSLINEAR/NITERC
1355,SLN_2,IMSLINEAR,NIABCGS,,SLN_2/IMSLINEAR/NIABCGS
1356,SLN_2,IMSLINEAR,NIAPC,,SLN_2/IMSLINEAR/NIAPC
1357,SLN_2,IMSLINEAR,NJAPC,,SLN_2/IMSLINEAR/NJAPC
1358,SLN_2,IMSLINEAR,EPFACT,,SLN_2/IMSLINEAR/EPFACT
1359,SLN_2,IMSLINEAR,L2NORM0,,SLN_2/IMSLINEAR/L2NORM0
1360,SLN_2,IMSLINEAR,NJLU,,SLN_2/IMSLINEAR/NJLU
1361,SLN_2,IMSLINEAR,NJW,,SLN_2/IMSLINEAR/NJW
1362,SLN_2,IMSLINEAR,NWLU,,SLN_2/IMSLINEAR/NWLU
1363,SLN_2,IMSLINEAR,DSCALE,,SLN_2/IMSLINEAR/DSCALE
1364,SLN_2,IMSLINEAR,DSCALE2,,SLN_2/IMSLINEAR/DSCALE2
1365,SLN_2,IMSLINEAR,IAPC,,SLN_2/IMSLINEAR/IAPC
1366,SLN_2,IMSLINEAR,JAPC,,SLN_2/IMSLINEAR/JAPC
1367,SLN_2,IMSLINEAR,APC,,SLN_2/IMSLINEAR/APC
1368,SLN_2,IMSLINEAR,IW,,SLN_2/IMSLINEAR/IW
1369,SLN_2,IMSLINEAR,W,,SLN_2/IMSLINEAR/W
1370,SLN_2,IMSLINEAR,JLU,,SLN_2/IMSLINEAR/JLU
1371,SLN_2,IMSLINEAR,JW,,SLN_2/IMSLINEAR/JW
1372,SLN_2,IMSLINEAR,WLU,,SLN_2/IMSLINEAR/WLU
1373,SLN_2,IMSLINEAR,LORDER,,SLN_2/IMSLINEAR/LORDER
1374,SLN_2,IMSLINEAR,IORDER,,SLN_2/IMSLINEAR/IORDER
1375,SLN_2,IMSLINEAR,IARO,,SLN_2/IMSLINEAR/IARO
1376,SLN_2,IMSLINEAR,JARO,,SLN_2/IMSLINEAR/JARO
1377,SLN_2,IMSLINEAR,ARO,,SLN_2/IMSLINEAR/ARO
1378,SLN_2,IMSLINEAR,ID,,SLN_2/IMSLINEAR/ID
1379,SLN_2,IMSLINEAR,D,,SLN_2/IMSLINEAR/D
1380,SLN_2,IMSLINEAR,P,,SLN_2/IMSLINEAR/P
1381,SLN_2,IMSLINEAR,Q,,SLN_2/IMSLINEAR/Q
1382,SLN_2,IMSLINEAR,Z,,SLN_2/IMSLINEAR/Z
1383,SLN_2,IMSLINEAR,T,,SLN_2/IMSLINEAR/T
1384,SLN_2,IMSLINEAR,V,,SLN_2/IMSLINEAR/V
1385,SLN_2,IMSLINEAR,DHAT,,SLN_2/IMSLINEAR/DHAT
1386,SLN_2,IMSLINEAR,PHAT,,SLN_2/IMSLINEAR/PHAT
1387,SLN_2,IMSLINEAR,QHAT,,SLN_2/IMSLINEAR/QHAT
1388,SLN_3,IMSLINEAR,DVCLOSE,,SLN_3/IMSLINEAR/DVCLOSE
1389,SLN_3,IMSLINEAR,RCLOSE,,SLN_3/IMSLINEAR/RCLOSE
1390,SLN_3,IMSLINEAR,ICNVGOPT,,SLN_3/IMSLINEAR/ICNVGOPT
1391,SLN_3,IMSLINEAR,ITER1,,SLN_3/IMSLINEAR/ITER1
1392,SLN_3,IMSLINEAR,ILINMETH,,SLN_3/IMSLINEAR/ILINMETH
1393,SLN_3,IMSLINEAR,ISCL,,SLN_3/IMSLINEAR/ISCL
1394,SLN_3,IMSLINEAR,IORD,,SLN_3/IMSLINEAR/IORD
1395,SLN_3,IMSLINEAR,NORTH,,SLN_3/IMSLINEAR/NORTH
1396,SLN_3,IMSLINEAR,RELAX,,SLN_3/IMSLINEAR/RELAX
1397,SLN_3,IMSLINEAR,LEVEL,,SLN_3/IMSLINEAR/LEVEL
1398,SLN_3,IMSLINEAR,DROPTOL,,SLN_3/IMSLINEAR/DROPTOL
1399,SLN_3,IMSLINEAR,IDFPARAM,,SLN_3/IMSLINEAR/IDFPARAM
1400,SLN_3,IMSLINEAR,NJA,,SLN_3/IMSLINEAR/NJA
1401,SLN_3,IMSLINEAR,IOUT,,SLN_3/IMSLINEAR/IOUT
1402,SLN_3,IMSLINEAR,IPC,,SLN_3/IMSLINEAR/IPC
1403,SLN_3,IMSLINEAR,IACPC,,SLN_3/IMSLINEAR/IACPC
1404,SLN_3,IMSLINEAR,NITERC,,SLN_3/IMSLINEAR/NITERC
1405,SLN_3,IMSLINEAR,NIABCGS,,SLN_3/IMSLINEAR/NIABCGS
1406,SLN_3,IMSLINEAR,NIAPC,,SLN_3/IMSLINEAR/NIAPC
1407,SLN_3,IMSLINEAR,NJAPC,,SLN_3/IMSLINEAR/NJAPC
1408,SLN_3,IMSLINEAR,EPFACT,,SLN_3/IMSLINEAR/EPFACT
1409,SLN_3,IMSLINEAR,L2NORM0,,SLN_3/IMSLINEAR/L2NORM0
1410,SLN_3,IMSLINEAR,NJLU,,SLN_3/IMSLINEAR/NJLU
1411,SLN_3,IMSLINEAR,NJW,,SLN_3/IMSLINEAR/NJW
1412,SLN_3,IMSLINEAR,NWLU,,SLN_3/IMSLINEAR/NWLU
1413,SLN_3,IMSLINEAR,DSCALE,,SLN_3/IMSLINEAR/DSCALE
1414,SLN_3,IMSLINEAR,DSCALE2,,SLN_3/IMSLINEAR/DSCALE2
1415,SLN_3,IMSLINEAR,IAPC,,SLN_3/IMSLINEAR/IAPC
1416,SLN_3,IMSLINEAR,JAPC,,SLN_3/IMSLINEAR/JAPC
1417,SLN_3,IMSLINEAR,APC,,SLN_3/IMSLINEAR/APC
1418,SLN_3,IMSLINEAR,IW,,SLN_3/IMSLINEAR/IW
1419,SLN_3,IMSLINEAR,W,,SLN_3/IMSLINEAR/W
1420,SLN_3,IMSLINEAR,JLU,,SLN_3/IMSLINEAR/JLU
1421,SLN_3,IMSLINEAR,JW,,SLN_3/IMSLINEAR/JW
1422,SLN_3,IMSLINEAR,WLU,,SLN_3/IMSLINEAR/WLU
1423,SLN_3,IMSLINEAR,LORDER,,SLN_3/IMSLINEAR/LORDER
1424,SLN_3,IMSLINEAR,IORDER,,SLN_3/IMSLINEAR/IORDER
1425,SLN_3,IMSLINEAR,IARO,,SLN_3/IMSLINEAR/IARO
1426,SLN_3,IMSLINEAR,JARO,,SLN_3/IMSLINEAR/JARO
1427,SLN_3,IMSLINEAR,ARO,,SLN_3/IMSLINEAR/ARO
1428,SLN_3,IMSLINEAR,ID,,SLN_3/IMSLINEAR/ID
1429,SLN_3,IMSLINEAR,D,,SLN_3/IMSLINEAR/D
1430,SLN_3,IMSLINEAR,P,,SLN_3/IMSLINEAR/P
1431,SLN_3,IMSLINEAR,Q,,SLN_3/IMSLINEAR/Q
1432,SLN_3,IMSLINEAR,Z,,SLN_3/IMSLINEAR/Z
1433,SLN_3,IMSLINEAR,T,,SLN_3/IMSLINEAR/T
1434,SLN_3,IMSLINEAR,V,,SLN_3/IMSLINEAR/V
1435,SLN_3,IMSLINEAR,DHAT,,SLN_3/IMSLINEAR/DHAT
1436,SLN_3,IMSLINEAR,PHAT,,SLN_3/IMSLINEAR/PHAT
1437,SLN_3,IMSLINEAR,QHAT,,SLN_3/IMSLINEAR/QHAT
